TaxNodeID	TaxName	TotalReads	AvgDuplicity	AvgMeanDust	AvgDamage+1	FLB00mA_ds3_1_mic_TotalReads	FLB00mA_ds3_1_mic_Duplicity	FLB00mA_ds3_1_mic_MeanDust	FLB00mA_ds3_1_mic_Damage+1	FLB00mA_ss4_1_mic_TotalReads	FLB00mA_ss4_1_mic_Duplicity	FLB00mA_ss4_1_mic_MeanDust	FLB00mA_ss4_1_mic_Damage+1	FLB00mA_ss4_2a_mic_TotalReads	FLB00mA_ss4_2a_mic_Duplicity	FLB00mA_ss4_2a_mic_MeanDust	FLB00mA_ss4_2a_mic_Damage+1	FLB00mA_ss4_2b_mic_TotalReads	FLB00mA_ss4_2b_mic_Duplicity	FLB00mA_ss4_2b_mic_MeanDust	FLB00mA_ss4_2b_mic_Damage+1	FLB00mB_ds3_1_mic_TotalReads	FLB00mB_ds3_1_mic_Duplicity	FLB00mB_ds3_1_mic_MeanDust	FLB00mB_ds3_1_mic_Damage+1	FLB00mB_ss4_1_mic_TotalReads	FLB00mB_ss4_1_mic_Duplicity	FLB00mB_ss4_1_mic_MeanDust	FLB00mB_ss4_1_mic_Damage+1	FLB01mA_ds2_1_mic_TotalReads	FLB01mA_ds2_1_mic_Duplicity	FLB01mA_ds2_1_mic_MeanDust	FLB01mA_ds2_1_mic_Damage+1	FLB01mA_ds3_1_mic_TotalReads	FLB01mA_ds3_1_mic_Duplicity	FLB01mA_ds3_1_mic_MeanDust	FLB01mA_ds3_1_mic_Damage+1	FLB01mA_ss4_1_mic_TotalReads	FLB01mA_ss4_1_mic_Duplicity	FLB01mA_ss4_1_mic_MeanDust	FLB01mA_ss4_1_mic_Damage+1	FLB01mB_ds3_1_mic_TotalReads	FLB01mB_ds3_1_mic_Duplicity	FLB01mB_ds3_1_mic_MeanDust	FLB01mB_ds3_1_mic_Damage+1	FLB01mB_ss4_1_mic_TotalReads	FLB01mB_ss4_1_mic_Duplicity	FLB01mB_ss4_1_mic_MeanDust	FLB01mB_ss4_1_mic_Damage+1	FLB03mA_ds3_1_mic_TotalReads	FLB03mA_ds3_1_mic_Duplicity	FLB03mA_ds3_1_mic_MeanDust	FLB03mA_ds3_1_mic_Damage+1	FLB03mA_ss4_1_mic_TotalReads	FLB03mA_ss4_1_mic_Duplicity	FLB03mA_ss4_1_mic_MeanDust	FLB03mA_ss4_1_mic_Damage+1	FLB03mA_ss4_2_mic_TotalReads	FLB03mA_ss4_2_mic_Duplicity	FLB03mA_ss4_2_mic_MeanDust	FLB03mA_ss4_2_mic_Damage+1	FLB05mA_ds3_1_mic_TotalReads	FLB05mA_ds3_1_mic_Duplicity	FLB05mA_ds3_1_mic_MeanDust	FLB05mA_ds3_1_mic_Damage+1	FLB05mA_ss4_1_mic_TotalReads	FLB05mA_ss4_1_mic_Duplicity	FLB05mA_ss4_1_mic_MeanDust	FLB05mA_ss4_1_mic_Damage+1	FLB05mA_ss4_2_mic_TotalReads	FLB05mA_ss4_2_mic_Duplicity	FLB05mA_ss4_2_mic_MeanDust	FLB05mA_ss4_2_mic_Damage+1	FLB05mB_ds3_1_mic_TotalReads	FLB05mB_ds3_1_mic_Duplicity	FLB05mB_ds3_1_mic_MeanDust	FLB05mB_ds3_1_mic_Damage+1	FLB05mB_ss4_1_mic_TotalReads	FLB05mB_ss4_1_mic_Duplicity	FLB05mB_ss4_1_mic_MeanDust	FLB05mB_ss4_1_mic_Damage+1	FLB05mB_ss4_2a_mic_TotalReads	FLB05mB_ss4_2a_mic_Duplicity	FLB05mB_ss4_2a_mic_MeanDust	FLB05mB_ss4_2a_mic_Damage+1	FLB05mB_ss4_2b_mic_TotalReads	FLB05mB_ss4_2b_mic_Duplicity	FLB05mB_ss4_2b_mic_MeanDust	FLB05mB_ss4_2b_mic_Damage+1	FLB05mB_ss4_3a_mic_TotalReads	FLB05mB_ss4_3a_mic_Duplicity	FLB05mB_ss4_3a_mic_MeanDust	FLB05mB_ss4_3a_mic_Damage+1	FLB05mB_ss4_3b_mic_TotalReads	FLB05mB_ss4_3b_mic_Duplicity	FLB05mB_ss4_3b_mic_MeanDust	FLB05mB_ss4_3b_mic_Damage+1	FLB06mA_ds3_1_mic_TotalReads	FLB06mA_ds3_1_mic_Duplicity	FLB06mA_ds3_1_mic_MeanDust	FLB06mA_ds3_1_mic_Damage+1	FLB06mA_ss4_1_mic_TotalReads	FLB06mA_ss4_1_mic_Duplicity	FLB06mA_ss4_1_mic_MeanDust	FLB06mA_ss4_1_mic_Damage+1	FLB06mA_ss4_2_mic_TotalReads	FLB06mA_ss4_2_mic_Duplicity	FLB06mA_ss4_2_mic_MeanDust	FLB06mA_ss4_2_mic_Damage+1	FLB06mB_ds3_1_mic_TotalReads	FLB06mB_ds3_1_mic_Duplicity	FLB06mB_ds3_1_mic_MeanDust	FLB06mB_ds3_1_mic_Damage+1	FLB06mB_ss4_1_mic_TotalReads	FLB06mB_ss4_1_mic_Duplicity	FLB06mB_ss4_1_mic_MeanDust	FLB06mB_ss4_1_mic_Damage+1	FLB06mB_ss4_2a_mic_TotalReads	FLB06mB_ss4_2a_mic_Duplicity	FLB06mB_ss4_2a_mic_MeanDust	FLB06mB_ss4_2a_mic_Damage+1	FLB06mB_ss4_2b_mic_TotalReads	FLB06mB_ss4_2b_mic_Duplicity	FLB06mB_ss4_2b_mic_MeanDust	FLB06mB_ss4_2b_mic_Damage+1	FLB08mA_ds1_1_mic_TotalReads	FLB08mA_ds1_1_mic_Duplicity	FLB08mA_ds1_1_mic_MeanDust	FLB08mA_ds1_1_mic_Damage+1	FLB08mA_ds2_1_mic_TotalReads	FLB08mA_ds2_1_mic_Duplicity	FLB08mA_ds2_1_mic_MeanDust	FLB08mA_ds2_1_mic_Damage+1	FLB08mA_ds3_1_mic_TotalReads	FLB08mA_ds3_1_mic_Duplicity	FLB08mA_ds3_1_mic_MeanDust	FLB08mA_ds3_1_mic_Damage+1	FLB08mA_ss4_1_mic_TotalReads	FLB08mA_ss4_1_mic_Duplicity	FLB08mA_ss4_1_mic_MeanDust	FLB08mA_ss4_1_mic_Damage+1	FLB08mA_ss4_2b_mic_TotalReads	FLB08mA_ss4_2b_mic_Duplicity	FLB08mA_ss4_2b_mic_MeanDust	FLB08mA_ss4_2b_mic_Damage+1	FLB08mB_ds3_1_mic_TotalReads	FLB08mB_ds3_1_mic_Duplicity	FLB08mB_ds3_1_mic_MeanDust	FLB08mB_ds3_1_mic_Damage+1	FLB08mB_ss4_1_mic_TotalReads	FLB08mB_ss4_1_mic_Duplicity	FLB08mB_ss4_1_mic_MeanDust	FLB08mB_ss4_1_mic_Damage+1	FLB08mB_ss4_2a_mic_TotalReads	FLB08mB_ss4_2a_mic_Duplicity	FLB08mB_ss4_2a_mic_MeanDust	FLB08mB_ss4_2a_mic_Damage+1	FLB10mA_ds3_1_mic_TotalReads	FLB10mA_ds3_1_mic_Duplicity	FLB10mA_ds3_1_mic_MeanDust	FLB10mA_ds3_1_mic_Damage+1	FLB10mA_ss4_1_mic_TotalReads	FLB10mA_ss4_1_mic_Duplicity	FLB10mA_ss4_1_mic_MeanDust	FLB10mA_ss4_1_mic_Damage+1	FLB10mA_ss4_2a_mic_TotalReads	FLB10mA_ss4_2a_mic_Duplicity	FLB10mA_ss4_2a_mic_MeanDust	FLB10mA_ss4_2a_mic_Damage+1	FLB10mA_ss4_2b_mic_TotalReads	FLB10mA_ss4_2b_mic_Duplicity	FLB10mA_ss4_2b_mic_MeanDust	FLB10mA_ss4_2b_mic_Damage+1	FLB10mA_ss4_3a_mic_TotalReads	FLB10mA_ss4_3a_mic_Duplicity	FLB10mA_ss4_3a_mic_MeanDust	FLB10mA_ss4_3a_mic_Damage+1	FLB10mA_ss4_3b_mic_TotalReads	FLB10mA_ss4_3b_mic_Duplicity	FLB10mA_ss4_3b_mic_MeanDust	FLB10mA_ss4_3b_mic_Damage+1	FLB10mB_ds3_1_mic_TotalReads	FLB10mB_ds3_1_mic_Duplicity	FLB10mB_ds3_1_mic_MeanDust	FLB10mB_ds3_1_mic_Damage+1	FLB10mB_ss4_1_mic_TotalReads	FLB10mB_ss4_1_mic_Duplicity	FLB10mB_ss4_1_mic_MeanDust	FLB10mB_ss4_1_mic_Damage+1	FLB10mB_ss4_2a_mic_TotalReads	FLB10mB_ss4_2a_mic_Duplicity	FLB10mB_ss4_2a_mic_MeanDust	FLB10mB_ss4_2a_mic_Damage+1	FLB10mB_ss4_2b_mic_TotalReads	FLB10mB_ss4_2b_mic_Duplicity	FLB10mB_ss4_2b_mic_MeanDust	FLB10mB_ss4_2b_mic_Damage+1	FLB10mB_ss4_3a_mic_TotalReads	FLB10mB_ss4_3a_mic_Duplicity	FLB10mB_ss4_3a_mic_MeanDust	FLB10mB_ss4_3a_mic_Damage+1	FLB10mB_ss4_3b_mic_TotalReads	FLB10mB_ss4_3b_mic_Duplicity	FLB10mB_ss4_3b_mic_MeanDust	FLB10mB_ss4_3b_mic_Damage+1	FLB10mSdA_ds3_1_mic_TotalReads	FLB10mSdA_ds3_1_mic_Duplicity	FLB10mSdA_ds3_1_mic_MeanDust	FLB10mSdA_ds3_1_mic_Damage+1	FLB10mSdA_ss4_1_mic_TotalReads	FLB10mSdA_ss4_1_mic_Duplicity	FLB10mSdA_ss4_1_mic_MeanDust	FLB10mSdA_ss4_1_mic_Damage+1	FLB10mSdA_ss4_2a_mic_TotalReads	FLB10mSdA_ss4_2a_mic_Duplicity	FLB10mSdA_ss4_2a_mic_MeanDust	FLB10mSdA_ss4_2a_mic_Damage+1	FLB10mSdA_ss4_2b_mic_TotalReads	FLB10mSdA_ss4_2b_mic_Duplicity	FLB10mSdA_ss4_2b_mic_MeanDust	FLB10mSdA_ss4_2b_mic_Damage+1	FLB10mSdB_ds3_1_mic_TotalReads	FLB10mSdB_ds3_1_mic_Duplicity	FLB10mSdB_ds3_1_mic_MeanDust	FLB10mSdB_ds3_1_mic_Damage+1	FLB12mA_ds3_1_mic_TotalReads	FLB12mA_ds3_1_mic_Duplicity	FLB12mA_ds3_1_mic_MeanDust	FLB12mA_ds3_1_mic_Damage+1	FLB12mA_ss4_1_mic_TotalReads	FLB12mA_ss4_1_mic_Duplicity	FLB12mA_ss4_1_mic_MeanDust	FLB12mA_ss4_1_mic_Damage+1	FLB12mB_ds3_1_mic_TotalReads	FLB12mB_ds3_1_mic_Duplicity	FLB12mB_ds3_1_mic_MeanDust	FLB12mB_ds3_1_mic_Damage+1	FLB13mNA_ds3_1_mic_TotalReads	FLB13mNA_ds3_1_mic_Duplicity	FLB13mNA_ds3_1_mic_MeanDust	FLB13mNA_ds3_1_mic_Damage+1	FLB13mNB_ds3_1_mic_TotalReads	FLB13mNB_ds3_1_mic_Duplicity	FLB13mNB_ds3_1_mic_MeanDust	FLB13mNB_ds3_1_mic_Damage+1	FLB13mNB_ss4_1_mic_TotalReads	FLB13mNB_ss4_1_mic_Duplicity	FLB13mNB_ss4_1_mic_MeanDust	FLB13mNB_ss4_1_mic_Damage+1	FLB13mSA_ds2_1_mic_TotalReads	FLB13mSA_ds2_1_mic_Duplicity	FLB13mSA_ds2_1_mic_MeanDust	FLB13mSA_ds2_1_mic_Damage+1	FLB16mNdA_ds2_1_mic_TotalReads	FLB16mNdA_ds2_1_mic_Duplicity	FLB16mNdA_ds2_1_mic_MeanDust	FLB16mNdA_ds2_1_mic_Damage+1	FLB16mNdA_ds3_1_mic_TotalReads	FLB16mNdA_ds3_1_mic_Duplicity	FLB16mNdA_ds3_1_mic_MeanDust	FLB16mNdA_ds3_1_mic_Damage+1	FLB16mNdA_ss4_1_mic_TotalReads	FLB16mNdA_ss4_1_mic_Duplicity	FLB16mNdA_ss4_1_mic_MeanDust	FLB16mNdA_ss4_1_mic_Damage+1	FLB16mNdA_ss4_2a_mic_TotalReads	FLB16mNdA_ss4_2a_mic_Duplicity	FLB16mNdA_ss4_2a_mic_MeanDust	FLB16mNdA_ss4_2a_mic_Damage+1	FLB16mNdA_ss4_2b_mic_TotalReads	FLB16mNdA_ss4_2b_mic_Duplicity	FLB16mNdA_ss4_2b_mic_MeanDust	FLB16mNdA_ss4_2b_mic_Damage+1	FLB16mNdB_ds3_1_mic_TotalReads	FLB16mNdB_ds3_1_mic_Duplicity	FLB16mNdB_ds3_1_mic_MeanDust	FLB16mNdB_ds3_1_mic_Damage+1	FLB16mNdB_ss4_1_mic_TotalReads	FLB16mNdB_ss4_1_mic_Duplicity	FLB16mNdB_ss4_1_mic_MeanDust	FLB16mNdB_ss4_1_mic_Damage+1	FLB16mNdB_ss4_2_mic_TotalReads	FLB16mNdB_ss4_2_mic_Duplicity	FLB16mNdB_ss4_2_mic_MeanDust	FLB16mNdB_ss4_2_mic_Damage+1	FLB16mNuA_ds2_1_mic_TotalReads	FLB16mNuA_ds2_1_mic_Duplicity	FLB16mNuA_ds2_1_mic_MeanDust	FLB16mNuA_ds2_1_mic_Damage+1	FLB16mNuA_ds3_1_mic_TotalReads	FLB16mNuA_ds3_1_mic_Duplicity	FLB16mNuA_ds3_1_mic_MeanDust	FLB16mNuA_ds3_1_mic_Damage+1	FLB16mNuA_ss4_1_mic_TotalReads	FLB16mNuA_ss4_1_mic_Duplicity	FLB16mNuA_ss4_1_mic_MeanDust	FLB16mNuA_ss4_1_mic_Damage+1	FLB16mNuA_ss4_2_mic_TotalReads	FLB16mNuA_ss4_2_mic_Duplicity	FLB16mNuA_ss4_2_mic_MeanDust	FLB16mNuA_ss4_2_mic_Damage+1	FLB16mNuA_ss4_3_mic_TotalReads	FLB16mNuA_ss4_3_mic_Duplicity	FLB16mNuA_ss4_3_mic_MeanDust	FLB16mNuA_ss4_3_mic_Damage+1	FLB16mNuA_ss4_4_mic_TotalReads	FLB16mNuA_ss4_4_mic_Duplicity	FLB16mNuA_ss4_4_mic_MeanDust	FLB16mNuA_ss4_4_mic_Damage+1	FLB16mNuB_ds3_1_mic_TotalReads	FLB16mNuB_ds3_1_mic_Duplicity	FLB16mNuB_ds3_1_mic_MeanDust	FLB16mNuB_ds3_1_mic_Damage+1	FLB18mB_ds3_1_mic_TotalReads	FLB18mB_ds3_1_mic_Duplicity	FLB18mB_ds3_1_mic_MeanDust	FLB18mB_ds3_1_mic_Damage+1	FLB34mA_ss4_1_mic_TotalReads	FLB34mA_ss4_1_mic_Duplicity	FLB34mA_ss4_1_mic_MeanDust	FLB34mA_ss4_1_mic_Damage+1	FLB38mA_ds2_1_mic_TotalReads	FLB38mA_ds2_1_mic_Duplicity	FLB38mA_ds2_1_mic_MeanDust	FLB38mA_ds2_1_mic_Damage+1	FLB38mA_ds3_1_mic_TotalReads	FLB38mA_ds3_1_mic_Duplicity	FLB38mA_ds3_1_mic_MeanDust	FLB38mA_ds3_1_mic_Damage+1	FLB38mA_ss4_1_mic_TotalReads	FLB38mA_ss4_1_mic_Duplicity	FLB38mA_ss4_1_mic_MeanDust	FLB38mA_ss4_1_mic_Damage+1	FLB38mA_ss4_2a_mic_TotalReads	FLB38mA_ss4_2a_mic_Duplicity	FLB38mA_ss4_2a_mic_MeanDust	FLB38mA_ss4_2a_mic_Damage+1	FLB38mA_ss4_2b_mic_TotalReads	FLB38mA_ss4_2b_mic_Duplicity	FLB38mA_ss4_2b_mic_MeanDust	FLB38mA_ss4_2b_mic_Damage+1	FLB38mB_ds3_1_mic_TotalReads	FLB38mB_ds3_1_mic_Duplicity	FLB38mB_ds3_1_mic_MeanDust	FLB38mB_ds3_1_mic_Damage+1	FLB38mB_ss4_1_mic_TotalReads	FLB38mB_ss4_1_mic_Duplicity	FLB38mB_ss4_1_mic_MeanDust	FLB38mB_ss4_1_mic_Damage+1	FLB45mA_ds2_1_mic_TotalReads	FLB45mA_ds2_1_mic_Duplicity	FLB45mA_ds2_1_mic_MeanDust	FLB45mA_ds2_1_mic_Damage+1	FLB45mA_ds3_1_mic_TotalReads	FLB45mA_ds3_1_mic_Duplicity	FLB45mA_ds3_1_mic_MeanDust	FLB45mA_ds3_1_mic_Damage+1	FLB45mA_ss4_1_mic_TotalReads	FLB45mA_ss4_1_mic_Duplicity	FLB45mA_ss4_1_mic_MeanDust	FLB45mA_ss4_1_mic_Damage+1	FLB45mA_ss4_2_mic_TotalReads	FLB45mA_ss4_2_mic_Duplicity	FLB45mA_ss4_2_mic_MeanDust	FLB45mA_ss4_2_mic_Damage+1	FLB45mB_ds3_1_mic_TotalReads	FLB45mB_ds3_1_mic_Duplicity	FLB45mB_ds3_1_mic_MeanDust	FLB45mB_ds3_1_mic_Damage+1	FLB45mB_ss4_1_mic_TotalReads	FLB45mB_ss4_1_mic_Duplicity	FLB45mB_ss4_1_mic_MeanDust	FLB45mB_ss4_1_mic_Damage+1	FLB45mB_ss4_2_mic_TotalReads	FLB45mB_ss4_2_mic_Duplicity	FLB45mB_ss4_2_mic_MeanDust	FLB45mB_ss4_2_mic_Damage+1	FLB54mA_ds3_1_mic_TotalReads	FLB54mA_ds3_1_mic_Duplicity	FLB54mA_ds3_1_mic_MeanDust	FLB54mA_ds3_1_mic_Damage+1	FLB57mdA_ds2_1_mic_TotalReads	FLB57mdA_ds2_1_mic_Duplicity	FLB57mdA_ds2_1_mic_MeanDust	FLB57mdA_ds2_1_mic_Damage+1	FLB57mdA_ds2_2_mic_TotalReads	FLB57mdA_ds2_2_mic_Duplicity	FLB57mdA_ds2_2_mic_MeanDust	FLB57mdA_ds2_2_mic_Damage+1	FLB57mdA_ds3_1_mic_TotalReads	FLB57mdA_ds3_1_mic_Duplicity	FLB57mdA_ds3_1_mic_MeanDust	FLB57mdA_ds3_1_mic_Damage+1	FLB57mdB_ds3_1_mic_TotalReads	FLB57mdB_ds3_1_mic_Duplicity	FLB57mdB_ds3_1_mic_MeanDust	FLB57mdB_ds3_1_mic_Damage+1	FLB57muA_ds3_1_mic_TotalReads	FLB57muA_ds3_1_mic_Duplicity	FLB57muA_ds3_1_mic_MeanDust	FLB57muA_ds3_1_mic_Damage+1	FLB57muA_ss4_1_mic_TotalReads	FLB57muA_ss4_1_mic_Duplicity	FLB57muA_ss4_1_mic_MeanDust	FLB57muA_ss4_1_mic_Damage+1	FLB57muB_ds3_1_mic_TotalReads	FLB57muB_ds3_1_mic_Duplicity	FLB57muB_ds3_1_mic_MeanDust	FLB57muB_ds3_1_mic_Damage+1	taxpath
554970	"f__34-128"	1774488	1.2012	3.5858	0.4587	12423	1.06	3.42	0.4251	21727	1.11	3.62	0.445	16036	1.09	3.43	0.3864	18806	1.09	3.44	0.4068	19875	1.08	3.43	0.4526	13500	1.06	3.6	0.408	679	1.22	3.56	0.4779	6249	1.03	3.7	0.4333	2050	1.01	3.67	0.3383	10387	1.07	3.51	0.4597	4522	1.03	3.68	0.4015	20188	1.07	3.63	0.5414	18185	1.09	3.64	0.4489	4267	1.02	3.6	0.3829	11373	1.05	3.7	0.5502	3924	1.02	3.74	0.3609	4916	1.03	3.71	0.3826	3281	1.02	3.81	0.4452	4085	1.02	3.73	0.3213	5173	1.03	3.7	0.3386	5779	1.04	3.7	0.3467	2760	1.03	3.74	0.3809	2720	1.03	3.75	0.3631	16900	1.07	3.82	0.4763	3400	1.01	3.81	0.4356	3362	1.03	3.72	0.4145	16490	1.08	3.84	0.4908	18961	1.1	3.77	0.4027	11609	1.07	3.75	0.3974	14770	1.09	3.75	0.3915	10147	1.05	3.79	0.5654	16112	1.08	3.83	0.5939	40942	1.17	3.79	0.5117	44179	1.23	3.78	0.4574	4495	1.03	3.9	0.3661	12242	1.06	4.0	0.4575	1335	1.0	3.89	0.3992	3671	1.02	3.9	0.3949	3254	1.02	3.73	0.3794	3734	1.03	3.79	0.329	5420	1.05	3.68	0.2924	4076	1.03	3.68	0.2819	3662	1.02	3.74	0.2727	1937	1.02	3.77	0.2373	22345	1.1	3.56	0.4344	5896	1.03	3.61	0.386	18701	1.1	3.58	0.3813	14313	1.07	3.58	0.3784	18234	1.08	3.57	0.3809	13523	1.09	3.59	0.3727	7803	1.04	4.19	0.5213	5200	1.04	3.96	0.4134	1737	1.02	4.0	0.4456	2628	1.02	4.04	0.4096	4136	1.04	4.16	0.5079	18954	1.11	3.73	0.464	6515	1.01	3.66	0.4569	20314	1.1	3.71	0.4627	26151	1.12	3.84	0.5113	25353	1.11	3.8	0.494	5915	1.03	3.84	0.4209	102	1.01	3.84	0.5263	8991	1.11	3.72	0.5317	51646	1.25	3.69	0.491	11696	1.06	3.68	0.4422	15262	1.09	3.76	0.4003	17277	1.11	3.76	0.4111	56552	1.26	3.66	0.4942	885	1.0	3.72	0.4395	48080	1.29	3.68	0.4275	10841	1.04	3.8	0.566	36204	1.18	3.8	0.4917	37444	1.18	3.67	0.4399	10628	1.06	3.82	0.427	4295	1.04	3.86	0.4125	5110	1.03	3.81	0.4315	22481	1.1	3.82	0.4991	17915	1.12	3.84	0.4589	10606	1.04	3.6	0.4186	17928	1.08	3.34	0.5153	57427	1.19	3.39	0.4513	13068	1.05	3.46	0.3998	57951	1.26	3.38	0.4097	42068	1.19	3.4	0.404	14904	1.07	3.42	0.4182	13851	1.07	3.4	0.4118	3774	1.44	3.57	0.4993	186540	1.6	3.44	0.5219	8599	1.04	3.59	0.3979	64952	1.3	3.4	0.4371	111020	1.38	3.43	0.5015	17242	1.09	3.46	0.4489	27219	1.13	3.44	0.4343	1696	1.07	3.42	0.4316	8119	1.06	3.33	0.4979	6356	1.04	3.32	0.5004	28460	1.11	3.34	0.4625	4726	1.04	3.2	0.3925	43060	1.16	3.34	0.4784	2170	1.02	3.28	0.2095	6022	1.08	3.44	0.3626	"554970:f__34-128:family;521527:o__SB-45:order;521526:c__JS1:class;494562:p__Atribacterota:phylum;27156:d__Bacteria:superkingdom;1:root:no rank"
426744	"f__VadinHA17"	1460448	1.1354	2.5037	0.4055	3035	1.03	2.52	0.3384	4649	1.02	2.61	0.3735	3792	1.04	2.52	0.3576	4394	1.06	2.54	0.3668	4898	1.02	2.51	0.3901	3314	1.02	2.59	0.3376	458	1.21	2.45	0.3871	8248	1.02	2.58	0.3609	3961	1.03	2.54	0.2906	75093	1.17	2.47	0.3847	2128	1.09	2.53	0.2832	7858	1.07	2.62	0.5	5492	1.19	2.67	0.3561	1245	1.29	2.62	0.3735	4450	1.06	2.69	0.4836	1473	1.1	2.7	0.3324	1994	1.08	2.63	0.3576	1447	1.23	2.63	0.4191	1803	1.5	2.68	0.3036	2249	1.39	2.7	0.263	2512	1.49	2.69	0.289	1215	1.36	2.59	0.3015	1245	1.42	2.64	0.3237	5107	1.07	2.67	0.4079	980	1.14	2.65	0.3857	1023	1.09	2.69	0.3953	4984	1.1	2.71	0.4254	6019	1.16	2.69	0.3676	3980	1.16	2.68	0.3558	5140	1.17	2.7	0.364	28141	1.07	2.52	0.5225	37936	1.09	2.51	0.5433	44556	1.08	2.59	0.492	44287	1.1	2.6	0.4117	8441	1.03	2.59	0.3574	21626	1.06	2.62	0.44	1641	1.01	2.58	0.3701	6783	1.05	2.59	0.3524	6149	1.06	2.54	0.3733	6814	1.05	2.59	0.2782	14261	1.07	2.51	0.294	10507	1.08	2.52	0.2941	5700	1.1	2.62	0.2718	2846	1.1	2.61	0.2861	60847	1.14	2.47	0.4211	5231	1.03	2.58	0.3641	17176	1.08	2.57	0.3614	12777	1.06	2.57	0.3664	18784	1.05	2.57	0.3522	13893	1.06	2.56	0.3521	2111	1.04	2.94	0.4386	2488	1.05	2.66	0.3551	535	1.31	2.88	0.3223	796	1.37	2.9	0.3333	1139	1.21	2.78	0.3818	12835	1.07	2.64	0.4707	4976	1.03	2.62	0.4223	9414	1.09	2.62	0.4197	9855	1.07	2.73	0.4558	9965	1.06	2.72	0.447	2248	1.09	2.66	0.3401	34	1.03	2.8	0.5	4273	1.07	2.61	0.4718	30321	1.11	2.64	0.43	4958	1.07	2.63	0.3864	7158	1.1	2.66	0.4048	8239	1.1	2.68	0.3927	27371	1.08	2.64	0.4218	455	1.02	2.64	0.4176	25798	1.07	2.65	0.3686	5558	1.06	2.61	0.486	16249	1.03	2.69	0.4158	15920	1.06	2.64	0.3881	5700	1.07	2.66	0.3704	2107	1.07	2.72	0.4119	2590	1.06	2.66	0.3983	14170	1.06	2.67	0.4483	1032	1.03	2.93	0.4309	3337	1.01	2.59	0.4175	9986	1.03	2.41	0.4717	33395	1.09	2.43	0.4095	6636	1.03	2.42	0.3688	31896	1.08	2.43	0.3667	22836	1.04	2.44	0.3599	7098	1.04	2.42	0.3864	6714	1.03	2.43	0.3912	1996	1.44	2.46	0.4457	115221	1.2	2.45	0.4491	3006	1.01	2.52	0.3965	31882	1.08	2.45	0.3878	67382	1.13	2.46	0.4421	7433	1.03	2.45	0.4329	14392	1.03	2.46	0.3783	316	1.1	2.47	0.3226	18940	1.09	2.36	0.3973	17956	1.08	2.37	0.3526	62057	1.17	2.39	0.3502	16799	1.06	2.33	0.3372	182583	1.35	2.37	0.4103	7513	1.04	2.4	0.1775	20197	1.12	2.41	0.3172	"426744:f__VadinHA17:family;214362:o__Bacteroidales:order;214361:c__Bacteroidia:class;214360:p__Bacteroidota:phylum;27156:d__Bacteria:superkingdom;1:root:no rank"
576939	"f__Humimicrobiaceae"	1431201	1.5718	3.5078	0.4343	2021	1.01	3.48	0.3897	16153	1.06	3.42	0.3606	2319	1.02	3.47	0.4134	2770	1.03	3.42	0.3908	2503	1.02	3.56	0.4383	7794	1.03	3.47	0.3482	123	1.08	3.27	0.2414	3446	1.03	3.7	0.4003	1181	1.01	3.56	0.3077	6378	1.05	3.45	0.3933	4663	1.03	3.53	0.3628	9388	1.02	3.68	0.5357	16161	1.04	3.54	0.3598	1325	1.0	3.58	0.3759	4542	1.01	3.74	0.5156	1378	1.0	3.74	0.4007	1832	1.01	3.59	0.3927	1417	1.01	3.79	0.547	2351	1.0	3.82	0.3826	2373	1.0	3.73	0.3474	2640	1.02	3.73	0.348	1416	1.01	3.77	0.3921	1367	1.01	3.82	0.4535	4273	1.0	3.83	0.4811	874	1.0	3.77	0.4451	826	1.0	3.79	0.4345	5182	1.02	3.8	0.4788	6674	1.01	3.66	0.3801	3621	1.03	3.66	0.4073	4680	1.01	3.67	0.398	3442	1.02	3.81	0.5782	5444	1.03	3.84	0.5841	10922	1.03	3.89	0.5032	11999	1.06	3.81	0.4219	1438	1.03	3.7	0.3544	2874	1.04	3.85	0.4144	374	1.01	3.87	0.3875	1125	1.0	3.83	0.3491	857	1.0	3.92	0.3641	1074	1.02	3.85	0.3886	1669	1.01	3.79	0.3048	1207	1.01	3.68	0.3179	1257	1.0	3.91	0.3162	603	1.01	3.85	0.3082	7174	1.02	3.66	0.4178	1635	1.01	3.65	0.3818	4745	1.02	3.79	0.3773	3479	1.0	3.77	0.3373	4730	1.01	3.68	0.3897	3470	1.03	3.63	0.3615	3435	1.02	4.11	0.5223	2169	1.02	3.88	0.3967	940	1.02	3.84	0.4674	1379	1.01	3.96	0.4411	1973	1.01	3.93	0.4693	4517	1.02	3.86	0.4571	1529	1.01	3.73	0.4358	6997	1.02	3.79	0.4616	6886	1.02	3.98	0.4862	7039	1.02	4.01	0.5165	1314	1.01	3.83	0.4258	46	1.0	3.64	0.5385	1543	1.04	3.66	0.5132	10698	1.06	3.84	0.4889	2462	1.01	3.67	0.4146	3127	1.01	3.71	0.413	3625	1.01	3.77	0.4145	11833	1.07	3.9	0.4641	280	1.01	3.75	0.3333	13674	1.04	3.75	0.3942	2163	1.03	3.95	0.5057	10850	1.03	3.92	0.4698	16682	1.04	3.58	0.396	2708	1.01	3.81	0.3942	976	1.0	3.83	0.4485	1066	1.01	3.73	0.4384	6016	1.0	3.9	0.4563	1751	1.05	4.06	0.4653	6028	1.02	3.53	0.3794	4058	1.03	3.29	0.456	19719	1.06	3.46	0.4272	5182	1.02	3.47	0.3608	20252	1.07	3.45	0.3684	14241	1.05	3.45	0.3691	4605	1.04	3.52	0.4232	3118	1.02	3.41	0.4097	1030	1.44	3.48	0.4692	75165	1.2	3.49	0.4485	4078	1.0	3.47	0.3769	23340	1.06	3.47	0.4004	44412	1.14	3.53	0.4474	6324	1.01	3.54	0.4287	10423	1.05	3.48	0.387	1221	1.05	3.43	0.4372	46956	1.28	3.37	0.4203	48698	1.27	3.36	0.39	168656	1.78	3.5	0.4307	66697	1.34	3.36	0.4294	441438	2.31	3.44	0.4808	44162	1.18	3.36	0.2405	52531	1.28	3.43	0.377	"576939:f__Humimicrobiaceae:family;576938:o__Humimicrobiales:order;576937:c__Humimicrobiia:class;159522:p__Actinomycetota:phylum;27156:d__Bacteria:superkingdom;1:root:no rank"
633535	"f__SM23-61"	610363	1.0688	2.2978	0.419	11829	1.04	2.26	0.435	7893	1.03	2.24	0.4106	15489	1.05	2.25	0.3877	18325	1.08	2.25	0.3895	29297	1.09	2.25	0.4417	2847	1.0	2.22	0.3541	0	NA	NA	NA	140	1.0	2.77	0.4848	16	1.0	2.63	0.6	1810	1.02	2.74	0.4763	1706	1.02	2.22	0.3526	257	1.01	2.37	0.5278	5950	1.02	2.2	0.3677	199	1.0	2.33	0.3333	52	1.0	3.07	0.6	22	1.0	2.91	0.4	29	1.01	3.22	0.1667	44	1.0	2.66	0.2727	25	1.01	2.55	0.5	25	1.01	2.53	0.125	27	1.01	2.77	0.0	9	1.0	2.33	0.0	7	1.0	2.49	0.5	13520	1.03	2.26	0.4184	2006	1.01	2.25	0.401	1996	1.01	2.2	0.3898	3929	1.0	2.26	0.4324	1879	1.01	2.34	0.3766	787	1.01	2.2	0.3517	1046	1.02	2.23	0.3323	11106	1.03	2.24	0.5117	18414	1.07	2.23	0.516	74827	1.14	2.22	0.4548	62797	1.15	2.26	0.4065	11350	1.04	2.28	0.3512	23366	1.06	2.29	0.4138	3016	1.01	2.27	0.3358	9244	1.04	2.28	0.3473	3099	1.01	2.33	0.3726	2721	1.01	2.35	0.3275	2592	1.01	2.37	0.2929	1798	1.02	2.31	0.3226	1904	1.01	2.4	0.3067	913	1.01	2.36	0.3463	14091	1.03	2.26	0.4077	3209	1.02	2.32	0.3605	6176	1.02	2.33	0.3614	4535	1.02	2.32	0.3852	6263	1.02	2.29	0.3539	4550	1.0	2.33	0.3666	10282	1.03	2.38	0.4599	5697	1.01	2.38	0.4098	2893	1.0	2.39	0.3872	4248	1.01	2.42	0.3669	6148	1.02	2.41	0.4372	4664	1.02	2.36	0.4287	1590	1.01	2.4	0.4017	2845	1.02	2.4	0.4469	5899	1.02	2.48	0.4615	7185	1.03	2.44	0.4615	1297	1.0	2.47	0.4196	315	1.02	2.42	0.6203	2406	1.03	2.39	0.5635	7348	1.04	2.43	0.4483	1165	1.01	2.46	0.351	1530	1.0	2.41	0.4024	1705	1.02	2.45	0.4123	14935	1.05	2.36	0.4342	315	1.0	2.33	0.4348	3787	1.03	2.45	0.3947	5410	1.02	2.41	0.5289	7831	1.03	2.43	0.4616	7594	1.02	2.34	0.388	1964	1.0	2.44	0.4201	717	1.01	2.48	0.3917	781	1.01	2.47	0.3858	4185	1.02	2.44	0.4294	23209	1.06	2.32	0.4199	2161	0.99	2.26	0.3498	3549	1.02	2.26	0.4838	6571	1.03	2.34	0.4224	1472	1.01	2.41	0.3747	5401	1.06	2.35	0.3567	3832	1.05	2.36	0.3794	1868	1.04	2.33	0.4203	1778	1.02	2.39	0.3603	566	1.67	2.35	0.5248	29211	1.13	2.3	0.4048	1403	1.02	2.23	0.3614	5355	1.04	2.32	0.3538	12433	1.08	2.34	0.4062	1422	1.02	2.34	0.4276	2056	1.03	2.33	0.3685	437	1.05	2.35	0.3852	518	1.05	2.4	0.5157	445	1.03	2.37	0.4961	1379	1.06	2.39	0.4301	116	1.0	2.57	0.4412	3125	1.05	2.32	0.4528	64	0.99	2.1	0.2105	124	1.02	2.4	0.625	"633535:f__SM23-61:family;633534:o__SM23-61:order;633533:c__SM23-61:class;433205:p__Desulfobacterota:phylum;27156:d__Bacteria:superkingdom;1:root:no rank"
586583	"f__CGMCC-115725"	570011	1.0731	2.3582	0.3163	4617	1.03	2.38	0.3012	1332	1.02	2.25	0.232	3295	1.05	2.23	0.2998	3684	1.04	2.21	0.2974	10159	1.04	2.37	0.3106	973	1.01	2.26	0.2061	881	1.08	2.37	0.2805	60763	1.11	2.38	0.3207	6402	1.04	2.21	0.262	95135	1.18	2.33	0.3296	2619	1.01	2.25	0.2384	21912	1.06	2.37	0.3383	6457	1.04	2.23	0.2923	1779	1.02	2.16	0.2959	14599	1.04	2.38	0.334	1482	1.01	2.22	0.2831	2562	1.01	2.23	0.2935	7623	1.01	2.37	0.3191	3571	1.02	2.24	0.264	2658	1.02	2.23	0.2548	2895	1.02	2.21	0.2814	2152	1.02	2.23	0.2699	2040	1.02	2.21	0.2634	14310	1.04	2.42	0.3249	1419	1.0	2.28	0.2863	1250	1.02	2.25	0.2664	14340	1.05	2.4	0.323	8349	1.03	2.24	0.2976	5511	1.03	2.22	0.2745	6973	1.05	2.21	0.2734	4711	1.02	2.34	0.3622	8708	1.03	2.41	0.3743	25723	1.06	2.41	0.3346	9615	1.05	2.21	0.3038	3696	1.03	2.27	0.2802	25347	1.07	2.42	0.3156	797	1.02	2.34	0.3017	3048	1.02	2.29	0.2618	1583	1.01	2.49	0.286	1180	1.01	2.27	0.2684	773	1.03	2.27	0.214	585	1.09	2.32	0.2364	621	1.05	2.31	0.1984	311	1.02	2.32	0.1947	4177	1.03	2.38	0.3163	1036	1.03	2.3	0.2848	2446	1.07	2.3	0.3089	1843	1.09	2.31	0.3018	1794	1.1	2.28	0.255	1273	1.11	2.33	0.2987	11581	1.03	2.43	0.3336	2609	1.0	2.29	0.3002	1449	1.0	2.2	0.2633	2115	1.01	2.24	0.264	6181	1.02	2.45	0.3292	2516	1.01	2.44	0.3372	554	1.01	2.33	0.2746	1644	1.01	2.4	0.2828	2122	1.02	2.37	0.344	6690	1.02	2.41	0.3395	1034	1.01	2.32	0.2951	104	1.02	2.37	0.5185	2695	1.02	2.39	0.3326	8439	1.04	2.45	0.322	1231	1.01	2.24	0.2902	811	1.0	2.24	0.3247	921	1.0	2.23	0.2752	15885	1.06	2.43	0.3362	128	1.0	2.33	0.25	3344	1.02	2.22	0.2828	3831	1.01	2.42	0.3311	9853	1.03	2.41	0.3239	2532	1.04	2.24	0.2762	1137	1.0	2.28	0.3079	365	1.01	2.27	0.2417	462	1.0	2.22	0.3294	3340	1.01	2.4	0.3284	9987	1.04	2.43	0.3329	479	1.03	2.27	0.2278	2089	1.05	2.45	0.3536	7418	1.03	2.44	0.3085	733	1.02	2.31	0.2632	2783	1.13	2.35	0.2781	2009	1.16	2.35	0.2792	2074	1.04	2.52	0.2749	1010	1.05	2.35	0.321	306	1.69	2.86	0.3158	17206	1.08	2.44	0.3152	341	1.02	2.32	0.3333	2561	1.05	2.26	0.2916	12797	1.05	2.45	0.3115	1050	1.01	2.37	0.298	1287	1.04	2.26	0.298	173	1.03	2.35	0.1765	85	1.0	2.35	0.2	76	1.0	2.92	0.3125	348	1.02	2.35	0.2294	120	1.0	2.33	0.2979	466	1.02	2.4	0.2593	3	1.0	2.25	0.0	28	1.0	2.27	0.3571	"586583:f__CGMCC-115725:family;586582:o__ATCC43930:order;222263:c__Alphaproteobacteria:class;27157:p__Pseudomonadota:phylum;27156:d__Bacteria:superkingdom;1:root:no rank"
3405	"f__Methanospirillaceae"	294135	1.068	2.1035	0.3693	318	1.01	2.09	0.3582	2361	1.01	2.23	0.4024	330	1.02	2.24	0.2319	379	1.01	2.28	0.2877	571	1.01	2.2	0.4234	1499	1.01	2.22	0.3706	26	1.07	1.96	0.1	536	1.0	2.21	0.3279	148	1.0	2.3	0.1053	570	1.01	2.41	0.2713	577	1.01	2.25	0.3481	3928	1.01	2.17	0.401	1818	1.01	2.2	0.341	450	1.01	2.26	0.2793	692	1.02	2.2	0.3951	91	1.0	2.32	0.2963	151	1.02	2.41	0.3514	87	1.0	2.19	0.2632	156	0.99	2.06	0.3143	61	1.0	2.26	0.2	87	1.0	2.48	0.2667	82	1.0	1.97	0.381	85	0.99	2.24	0.4211	358	1.0	2.27	0.4588	126	1.01	2.43	0.4643	68	0.99	2.21	0.4667	906	1.01	2.2	0.3523	1114	1.01	2.3	0.331	556	1.0	2.23	0.3	749	1.01	2.27	0.2389	2046	1.02	2.24	0.4805	2997	1.02	2.27	0.4844	6992	1.02	2.26	0.4306	5272	1.03	2.3	0.3787	576	1.0	2.31	0.3522	1761	1.03	2.26	0.4095	178	1.0	2.33	0.3667	502	1.0	2.22	0.4141	159	1.0	2.04	0.4634	137	1.01	2.37	0.2581	246	1.01	2.34	0.2879	185	1.02	2.46	0.25	127	1.04	2.1	0.2059	69	1.05	2.83	0.2143	3884	1.01	2.13	0.3371	497	0.99	2.07	0.2992	983	1.02	2.21	0.2992	746	1.0	2.27	0.2656	1122	1.02	2.23	0.3127	814	1.02	2.16	0.3543	1966	1.04	2.28	0.4189	1041	1.06	2.26	0.3512	549	1.09	2.24	0.2558	804	1.04	2.21	0.3333	678	1.07	2.37	0.3355	1920	1.01	2.13	0.3788	697	1.01	2.2	0.3503	926	1.01	2.12	0.3636	2572	1.02	2.26	0.4123	4718	1.03	2.15	0.4024	1186	1.02	2.21	0.4131	13	0.99	2.97	0.5	734	1.04	2.12	0.4382	3026	1.05	2.16	0.4186	755	1.01	2.28	0.3842	719	1.01	2.21	0.3724	774	1.01	2.25	0.3171	8909	1.04	2.18	0.3946	73	0.99	2.09	0.5	4512	1.03	2.18	0.3722	654	1.0	2.06	0.4337	2002	1.02	2.26	0.3934	3243	1.02	2.16	0.392	478	1.01	2.33	0.3782	173	0.99	2.21	0.3953	209	1.0	2.25	0.4	2590	1.01	2.19	0.3884	1713	1.02	2.35	0.3518	1160	0.99	2.23	0.3571	3835	1.02	2.05	0.3912	12209	1.04	2.07	0.3469	1993	1.01	2.15	0.347	9882	1.07	2.11	0.3099	6933	1.06	2.11	0.3172	1911	1.02	2.1	0.3484	1684	1.01	2.11	0.3438	1109	1.31	2.09	0.3594	58205	1.16	2.04	0.3931	1186	1.01	2.2	0.3454	12265	1.04	2.08	0.3576	34343	1.1	2.05	0.3923	3315	1.01	2.08	0.358	5216	1.03	2.11	0.3775	202	1.08	2.11	0.3731	2611	1.03	2.02	0.3629	2092	1.02	1.98	0.3408	6728	1.05	2.03	0.3298	3590	1.01	1.93	0.2292	25915	1.07	1.98	0.3329	362	1.0	2.03	0.1589	1582	1.02	2.05	0.2479	"3405:f__Methanospirillaceae:family;1340:o__Methanomicrobiales:order;1339:c__Methanomicrobia:class;223:p__Halobacteriota:phylum;2:d__Archaea:superkingdom;1:root:no rank"
457094	"f__Syntrophorhabdaceae"	289019	1.063	2.4238	0.4275	1026	1.02	2.35	0.4511	3520	1.01	2.53	0.4166	1034	1.01	2.29	0.3611	1218	1.03	2.4	0.3682	2578	1.03	2.38	0.4502	2362	1.01	2.51	0.4189	57	1.28	2.25	0.5333	683	1.02	2.39	0.4296	121	1.0	2.59	0.45	436	1.02	2.36	0.3168	652	1.0	2.47	0.4783	950	1.02	2.44	0.5	1998	1.0	2.49	0.4323	223	1.0	2.53	0.4182	835	1.01	2.48	0.5115	215	1.01	2.41	0.4419	355	1.0	2.45	0.3625	222	1.01	2.57	0.5094	195	0.99	2.58	0.2667	210	1.0	2.53	0.2857	236	1.0	2.38	0.2083	143	1.0	2.47	0.44	138	1.02	2.71	0.4	1658	1.02	2.44	0.4541	309	1.01	2.45	0.4211	309	1.01	2.46	0.3968	1023	1.0	2.53	0.4886	1147	1.0	2.48	0.3793	769	1.01	2.52	0.3851	958	0.99	2.48	0.3991	2498	1.02	2.51	0.5264	3155	1.01	2.55	0.5898	12964	1.05	2.4	0.4749	10651	1.04	2.46	0.4146	1343	1.01	2.39	0.3983	1007	1.01	2.56	0.44	340	1.0	2.43	0.375	1065	1.0	2.38	0.3706	225	1.01	2.36	0.3469	256	1.0	2.41	0.3148	190	1.0	2.37	0.3556	145	1.0	2.25	0.4419	197	1.01	2.49	0.1842	94	1.01	2.58	0.2222	2798	1.0	2.38	0.3748	208	1.0	2.53	0.3509	432	1.01	2.39	0.3273	340	1.0	2.34	0.2609	870	1.0	2.33	0.3488	665	1.01	2.37	0.3825	1818	1.01	2.55	0.5039	1569	1.02	2.48	0.4	1037	1.0	2.49	0.393	1604	1.01	2.48	0.399	727	1.01	2.55	0.4503	1258	1.01	2.49	0.416	630	1.0	2.4	0.443	1659	1.02	2.45	0.3871	4300	1.03	2.47	0.4361	1440	1.01	2.52	0.4426	635	1.01	2.34	0.3797	70	0.99	2.19	0.5	731	1.03	2.39	0.4591	2214	1.04	2.52	0.4403	723	1.01	2.43	0.414	922	1.0	2.57	0.4089	1030	1.01	2.53	0.4339	6908	1.03	2.4	0.4549	110	1.0	2.19	0.45	3290	1.02	2.47	0.3766	3634	1.03	2.38	0.5064	6593	1.03	2.45	0.4408	7737	1.02	2.44	0.4118	2018	1.01	2.4	0.4124	669	1.0	2.37	0.3718	816	1.0	2.42	0.3865	8101	1.04	2.4	0.4377	2149	1.02	2.47	0.4588	1661	1.01	2.43	0.4031	2741	1.03	2.39	0.4904	7320	1.03	2.44	0.4075	1792	1.01	2.46	0.4562	5888	1.01	2.44	0.3878	4252	1.02	2.44	0.3763	1962	1.01	2.42	0.3747	1685	1.02	2.41	0.4223	1391	1.55	2.41	0.4549	57698	1.16	2.41	0.4457	1532	1.0	2.49	0.3452	13653	1.06	2.41	0.3884	33991	1.09	2.4	0.4248	4501	1.02	2.41	0.4213	7111	1.04	2.38	0.3756	126	1.02	2.45	0.45	922	1.05	2.36	0.5193	813	1.01	2.29	0.3937	3108	1.04	2.38	0.4081	445	1.01	2.31	0.3644	6523	1.03	2.35	0.3965	105	1.01	2.54	0.1923	384	1.07	2.49	0.3592	"457094:f__Syntrophorhabdaceae:family;457093:o__Syntrophorhabdales:order;457092:c__Syntrophorhabdia:class;457091:p__Desulfobacterota_G:phylum;27156:d__Bacteria:superkingdom;1:root:no rank"
501483	"f__Anaerobacaceae"	281056	1.1229	2.1563	0.2787	192	1.0	2.52	0.3409	4046	1.03	2.19	0.2573	214	1.0	2.41	0.3846	230	1.0	2.37	0.2982	443	1.01	2.29	0.2917	2578	1.01	2.18	0.2163	10	1.01	1.94	0.0	301	1.02	2.55	0.3065	60	1.01	2.36	0.4444	869	1.02	2.46	0.3653	1049	0.99	2.2	0.1985	459	1.01	2.41	0.3333	2678	1.03	2.25	0.2138	83	0.99	2.68	0.1	359	1.01	2.53	0.3333	121	1.0	2.23	0.2778	143	1.02	2.24	0.2273	175	1.0	2.28	0.2292	122	1.02	2.39	0.2	144	1.01	2.65	0.1053	149	1.0	2.54	0.0714	77	1.01	2.2	0.2	84	1.0	2.21	0.1053	1861	1.02	2.33	0.2605	318	1.01	2.19	0.3049	294	1.01	2.43	0.3012	967	0.99	2.32	0.2816	984	1.01	2.27	0.2918	488	1.03	2.41	0.3025	631	1.02	2.36	0.2785	3027	1.03	2.33	0.3983	4280	1.05	2.31	0.4162	8462	1.06	2.27	0.3136	7758	1.1	2.35	0.2982	804	1.02	2.37	0.2475	1658	1.03	2.29	0.2554	240	1.01	2.38	0.1739	664	1.02	2.46	0.2804	59	1.08	2.5	0.1905	185	1.03	2.26	0.1833	57	1.17	2.13	0.2105	39	1.01	2.23	0.0909	54	1.18	2.89	0.1765	26	1.18	2.65	0.25	590	1.04	2.41	0.2889	145	1.01	2.54	0.3778	194	1.01	2.37	0.2885	133	1.01	2.41	0.25	227	1.01	2.62	0.2712	158	1.01	2.48	0.2105	4063	1.05	2.35	0.3618	1984	1.04	2.34	0.269	1090	1.02	2.3	0.2807	1681	1.04	2.33	0.2942	1466	1.01	2.47	0.3363	430	1.0	2.45	0.375	157	0.99	2.28	0.3636	571	1.01	2.47	0.2645	1179	1.02	2.45	0.3066	1103	1.01	2.54	0.3333	211	1.01	2.63	0.2931	68	1.01	2.3	0.3571	332	1.01	2.55	0.4533	1871	1.03	2.36	0.2872	460	1.01	2.31	0.237	630	1.0	2.45	0.2795	720	0.99	2.44	0.2647	2525	1.03	2.39	0.2862	90	1.0	2.1	0.1364	2278	1.03	2.36	0.2468	687	1.01	2.41	0.4176	1752	1.0	2.41	0.3535	4596	1.05	2.22	0.2468	461	1.01	2.34	0.2993	197	1.0	2.57	0.2453	217	1.01	2.41	0.2115	2154	1.01	2.29	0.2904	5391	1.03	2.2	0.3955	1936	1.02	2.17	0.2232	4453	1.03	2.12	0.3212	16275	1.09	2.06	0.2546	2156	1.02	2.12	0.209	11864	1.11	2.06	0.2074	8525	1.09	2.06	0.2146	2912	1.03	2.08	0.2206	2920	1.05	2.08	0.209	1708	1.27	2.15	0.3033	54693	1.27	2.09	0.2957	1823	1.01	2.14	0.2278	15058	1.13	2.12	0.2344	37998	1.23	2.08	0.2866	4679	1.04	2.12	0.2234	9345	1.09	2.07	0.2156	345	1.04	2.12	0.2157	1640	1.02	2.02	0.3226	1343	1.03	2.05	0.2799	5029	1.04	2.04	0.2946	388	1.0	1.98	0.2748	8263	1.02	2.04	0.3176	114	0.99	2.05	0.1795	336	1.01	2.06	0.3173	"501483:f__Anaerobacaceae:family;501482:o__Sedimentisphaerales:order;443705:c__Phycisphaerae:class;421453:p__Planctomycetota:phylum;27156:d__Bacteria:superkingdom;1:root:no rank"
581455	"f__UBA5619"	233607	1.095	2.0931	0.3133	723	1.01	2.11	0.271	1594	1.02	2.09	0.3279	846	1.01	2.1	0.2845	1011	1.03	2.08	0.28	961	1.02	2.09	0.3245	956	1.03	2.15	0.3072	65	1.01	2.05	0.1818	1160	1.01	2.07	0.2711	190	1.0	2.06	0.1818	1680	1.03	2.06	0.3124	372	1.02	2.07	0.3009	727	1.08	2.03	0.4175	1192	1.05	2.06	0.3035	154	1.08	2.14	0.3191	643	1.0	2.1	0.4046	138	1.01	2.03	0.35	248	1.0	2.11	0.1974	272	1.0	2.02	0.2958	262	1.06	2.14	0.2632	244	1.16	2.13	0.2639	251	1.21	2.09	0.2	153	1.09	2.14	0.2364	142	1.12	2.13	0.18	1697	1.08	2.1	0.3454	238	1.02	2.11	0.3538	240	1.08	2.16	0.4203	1181	1.02	2.12	0.3077	1088	1.03	2.11	0.3323	556	1.04	2.11	0.2683	682	1.03	2.16	0.2653	914	1.08	2.1	0.3682	1470	1.04	2.12	0.38	3085	1.07	2.1	0.3569	2423	1.25	2.09	0.3066	377	1.19	2.14	0.2255	832	1.04	2.07	0.2833	101	1.06	2.09	0.2424	269	1.14	2.19	0.3333	736	1.42	2.13	0.2364	536	1.64	2.13	0.1648	852	1.56	2.11	0.206	625	1.59	2.14	0.1878	697	1.42	2.15	0.2189	393	1.53	2.2	0.2071	2504	1.11	2.07	0.2613	516	1.04	2.07	0.2931	895	1.06	2.08	0.2647	694	1.08	2.14	0.2161	1054	1.09	2.06	0.2537	759	1.1	2.09	0.2403	551	1.31	2.08	0.2993	415	1.24	2.13	0.2734	197	1.56	2.08	0.2222	333	1.7	2.19	0.23	346	1.54	2.19	0.3333	1758	1.06	2.1	0.2922	495	1.07	2.14	0.3248	2261	1.1	2.08	0.3047	2161	1.13	2.1	0.3617	1604	1.04	2.06	0.3333	438	1.07	2.05	0.2847	45	2.02	2.15	0.0	465	1.15	2.13	0.3597	2223	1.06	2.11	0.3442	389	1.34	2.13	0.2764	567	1.13	2.15	0.2384	619	1.2	2.11	0.2888	3071	1.12	2.07	0.3707	80	1.05	2.18	0.16	1384	1.02	2.12	0.3364	781	1.55	2.13	0.3306	1712	1.2	2.09	0.3049	2701	1.15	2.09	0.3058	530	1.56	2.07	0.2418	210	1.84	2.17	0.2295	235	1.69	2.22	0.2877	1365	1.12	2.06	0.3177	330	1.04	2.08	0.4242	931	1.04	2.11	0.3609	2662	1.02	2.1	0.3353	8453	1.02	2.11	0.2993	1515	1.01	2.12	0.289	6082	1.04	2.06	0.2557	4403	1.02	2.08	0.2568	2534	1.03	2.11	0.3179	1595	1.01	2.07	0.27	882	1.48	2.17	0.291	58711	1.13	2.09	0.3405	1023	1.01	2.13	0.2862	11775	1.05	2.1	0.2824	32454	1.08	2.09	0.3285	3457	1.02	2.07	0.313	5580	1.02	2.1	0.2701	236	1.02	2.06	0.3143	2095	1.04	2.11	0.3502	1722	1.03	2.11	0.2774	5804	1.05	2.07	0.3287	1874	1.05	2.11	0.2663	11658	1.05	2.09	0.3017	263	1.0	2.1	0.1354	1234	1.04	2.05	0.2603	"581455:f__UBA5619:family;437538:o__Syntrophales:order;437537:c__Syntrophia:class;433205:p__Desulfobacterota:phylum;27156:d__Bacteria:superkingdom;1:root:no rank"
535131	"f__RBG-16-66-30"	207789	1.0473	2.1341	0.3261	3326	1.01	2.21	0.346	5136	1.01	2.13	0.3088	2728	1.02	2.12	0.3276	3117	1.02	2.13	0.3284	3963	1.03	2.18	0.3781	4240	1.0	2.13	0.2988	5	1.0	1.29	0.5	107	1.01	2.09	0.3143	23	1.0	2.28	0.125	135	1.01	2.14	0.2857	1401	1.01	2.13	0.3467	343	0.99	2.08	0.4348	3594	1.01	2.11	0.3194	47	1.01	2.27	0.2778	254	1.0	2.05	0.3571	99	1.01	2.05	0.375	135	1.01	2.01	0.2449	91	1.01	1.99	0.3333	82	1.0	2.0	0.2632	90	1.01	2.07	0.1333	105	0.99	2.13	0.2059	63	1.0	2.2	0.25	68	0.99	2.31	0.1875	792	1.01	2.16	0.363	132	1.01	2.22	0.4884	129	1.03	2.02	0.3214	606	1.01	2.1	0.3602	807	1.01	2.1	0.308	261	1.0	2.04	0.2941	316	1.0	2.07	0.2636	1231	1.01	2.13	0.3881	1923	1.02	2.13	0.4127	4583	1.02	2.18	0.378	3350	1.02	2.15	0.3186	467	1.0	2.2	0.3125	890	1.01	2.21	0.3846	124	1.0	2.22	0.2917	396	1.01	2.21	0.3427	72	0.99	2.02	0.1053	133	1.02	2.28	0.25	63	1.0	2.05	0.3333	59	1.01	2.13	0.2963	65	1.01	2.06	0.2308	36	1.0	2.17	0.1667	805	1.0	2.13	0.2832	166	1.01	2.09	0.3284	267	1.0	2.18	0.2308	178	1.0	2.32	0.2241	367	1.0	2.12	0.3256	257	1.0	2.08	0.2706	932	1.01	2.16	0.3333	440	1.02	2.14	0.3309	246	1.01	2.14	0.3699	344	1.01	2.14	0.3421	560	1.0	2.27	0.3147	436	1.0	2.13	0.3677	111	1.0	2.06	0.3846	607	1.03	2.24	0.3367	697	1.01	2.2	0.3593	648	1.02	2.13	0.395	128	1.0	2.15	0.3478	28	1.09	2.44	0.5	397	1.02	2.12	0.4609	2026	1.04	2.17	0.3606	312	0.99	2.23	0.3299	318	1.01	2.13	0.2473	369	1.01	2.03	0.3279	1999	1.01	2.22	0.3481	54	0.99	2.04	0.4	1060	1.01	2.15	0.3186	864	1.0	2.15	0.4966	1143	1.01	2.16	0.3216	5267	1.01	2.11	0.299	333	0.99	2.01	0.3918	112	1.0	2.04	0.2632	133	1.0	2.19	0.234	1396	1.01	2.13	0.3891	1951	1.03	2.22	0.3359	2325	1.0	2.12	0.2841	4010	1.02	2.14	0.346	14666	1.05	2.11	0.3078	2409	1.03	2.11	0.2918	12034	1.07	2.07	0.2651	8593	1.04	2.08	0.2561	2830	1.02	2.11	0.3047	2570	1.01	2.11	0.2992	430	1.56	2.3	0.3214	40814	1.11	2.14	0.3498	1534	1.0	2.15	0.3389	8362	1.04	2.12	0.3136	19380	1.06	2.15	0.3431	2278	1.01	2.1	0.319	3487	1.03	2.13	0.2685	331	1.02	2.08	0.2772	1033	1.02	2.11	0.413	970	1.02	2.17	0.3362	3497	1.03	2.15	0.337	488	1.02	2.21	0.3152	4665	1.04	2.19	0.3057	131	1.0	2.12	0.2131	414	1.05	2.17	0.3117	"535131:f__RBG-16-66-30:family;454776:o__Aminicenantales:order;454775:c__Aminicenantia:class;420176:p__Acidobacteriota:phylum;27156:d__Bacteria:superkingdom;1:root:no rank"
459186	"f__Villigracilaceae"	179268	1.1758	2.2769	0.3221	1257	1.17	3.46	0.3092	1036	1.34	7.19	0.283	1433	1.2	3.5	0.2721	1640	1.23	4.23	0.274	1930	1.12	2.69	0.3757	428	1.14	5.22	0.2574	19	1.13	1.91	0.0	386	1.0	2.24	0.2674	92	1.01	2.17	0.2727	1316	1.02	2.26	0.3278	254	1.08	3.96	0.25	1571	1.02	2.03	0.4313	1452	1.1	2.76	0.2756	343	1.09	2.04	0.2647	1118	1.34	2.13	0.3762	233	1.52	2.32	0.2143	460	1.81	2.37	0.2237	387	1.62	2.14	0.3363	690	2.25	2.32	0.1888	818	1.74	2.27	0.2258	910	1.81	2.27	0.2007	456	1.59	2.42	0.1557	471	1.83	2.51	0.1913	1096	1.11	2.04	0.3538	193	1.22	2.05	0.1719	219	1.13	2.09	0.3636	2027	1.04	1.94	0.3838	1861	1.16	2.14	0.323	739	1.42	2.17	0.2542	921	1.49	2.22	0.2702	380	1.07	2.02	0.37	722	1.12	2.04	0.3922	1292	1.12	2.07	0.3919	1135	1.09	2.11	0.3293	231	1.4	2.32	0.2424	592	1.09	2.15	0.298	58	1.02	2.11	0.1364	179	1.24	2.42	0.2075	174	1.58	5.21	0.1224	232	1.87	11.7	0.075	281	1.77	9.35	0.0645	200	1.66	9.49	0.0845	195	1.77	8.38	0.0615	110	1.45	8.78	0.08	469	1.45	6.21	0.2444	205	1.38	6.33	0.16	421	1.69	6.03	0.1908	356	1.82	7.71	0.1923	469	1.77	5.38	0.1644	381	1.72	5.26	0.1802	1077	1.38	2.06	0.3704	696	1.72	2.18	0.3469	478	1.79	2.11	0.2381	654	1.97	2.21	0.2537	827	1.26	2.14	0.3289	1753	1.33	2.03	0.3285	480	1.45	2.11	0.2532	2334	1.22	1.95	0.3752	1111	1.04	1.92	0.367	1737	1.18	2.17	0.3494	391	1.07	2.44	0.2456	14	1.12	2.32	0.0	564	1.77	2.03	0.3856	3297	1.14	1.97	0.3765	673	2.83	2.08	0.2136	947	3.68	2.26	0.2	1143	3.9	2.3	0.1595	3881	1.06	1.96	0.3741	45	1.0	2.17	0.2857	2195	1.01	1.98	0.3388	738	1.43	2.01	0.3803	1973	1.26	2.06	0.3441	1707	1.27	3.93	0.3247	478	1.34	2.26	0.3506	228	1.32	1.99	0.3919	250	1.46	2.01	0.1974	1227	1.03	2.02	0.3138	314	1.04	2.17	0.407	531	1.11	5.33	0.1883	3285	1.06	2.64	0.3423	17307	1.06	2.02	0.3357	2540	1.02	2.25	0.2941	15382	1.07	2.08	0.2951	10951	1.04	2.05	0.2901	3842	1.05	2.17	0.3279	2279	1.07	2.47	0.3001	306	1.52	1.86	0.3091	20739	1.09	1.95	0.3574	469	1.11	4.52	0.2774	4763	1.06	1.96	0.3069	10820	1.08	1.95	0.362	1804	1.04	2.08	0.3231	2892	1.07	1.94	0.3272	429	1.02	1.99	0.2857	899	1.07	1.92	0.4479	952	1.03	1.89	0.3909	4442	1.08	1.92	0.3588	1186	1.08	1.94	0.2868	7897	1.06	1.94	0.3118	179	1.0	1.9	0.1364	324	1.03	1.91	0.3125	"459186:f__Villigracilaceae:family;459185:o__Anaerolineales:order;459184:c__Anaerolineae:class;450344:p__Chloroflexota:phylum;27156:d__Bacteria:superkingdom;1:root:no rank"
2776	"f__Bathycorpusculaceae"	168337	1.0655	2.3912	0.3748	4748	1.0	2.29	0.4339	4017	1.02	2.48	0.3522	6381	1.03	2.34	0.391	7331	1.02	2.34	0.4005	12052	1.02	2.2	0.4587	1529	1.01	2.44	0.3565	19	1.08	1.76	0.0	407	1.01	2.45	0.3974	78	1.02	2.79	0.2222	296	1.01	2.82	0.3636	571	1.0	2.49	0.2749	280	1.01	2.46	0.4769	1685	1.01	2.5	0.3294	49	1.0	2.78	0.2222	290	1.02	2.37	0.3443	54	1.13	3.79	0.2222	77	1.01	2.79	0.1765	62	1.0	2.22	0.0833	74	1.09	3.33	0.3684	81	1.0	2.99	0.2917	85	1.01	2.54	0.2593	50	1.0	2.32	0.2143	57	1.02	2.88	0.2778	169	1.01	2.72	0.3243	29	1.0	2.16	0.0	28	1.0	2.89	0.75	208	1.01	2.85	0.4615	421	1.04	2.68	0.2581	98	1.08	2.9	0.3704	138	1.07	3.07	0.3784	708	1.01	2.69	0.4824	1040	1.03	2.57	0.5468	1756	1.01	2.5	0.3679	1773	1.01	2.61	0.3087	192	1.04	2.94	0.3333	540	1.06	2.47	0.2381	46	1.06	3.29	0.0769	153	1.01	2.46	0.2069	33	1.03	4.52	0.3636	81	1.02	3.34	0.3913	50	1.15	4.47	0.2941	36	1.09	4.39	0.3333	39	1.08	4.73	0.3333	27	1.03	4.88	0.2222	146	1.08	3.52	0.3143	51	1.09	3.08	0.2857	67	1.23	5.31	0.2667	32	1.18	5.88	0.1	95	1.13	3.12	0.3889	59	1.18	3.52	0.2667	527	1.01	2.52	0.4173	279	1.0	2.67	0.4242	120	0.98	2.53	0.2581	174	1.05	2.9	0.3542	308	1.01	2.58	0.3194	265	1.02	2.71	0.3684	95	0.99	2.38	0.5417	394	1.01	2.41	0.2609	356	1.01	2.6	0.3908	373	1.02	2.62	0.5263	68	1.02	3.06	0.3478	58	1.03	2.67	0.5	77	0.99	2.54	0.65	349	1.05	2.74	0.4494	100	1.0	2.66	0.3448	105	1.01	3.24	0.3448	181	1.05	2.6	0.1818	470	1.04	2.65	0.3364	26	1.01	2.71	0.6	522	1.01	2.6	0.3453	300	1.0	2.68	0.5143	588	1.01	2.47	0.3241	2348	1.01	2.48	0.352	187	1.0	2.49	0.2	41	1.02	2.52	0.1818	70	1.01	2.62	0.32	832	1.01	2.57	0.3711	536	1.03	2.47	0.3984	1048	1.01	2.54	0.3565	2143	1.01	2.41	0.4835	4315	1.03	2.4	0.3568	1092	1.01	2.46	0.3593	3606	1.03	2.56	0.3283	2586	1.02	2.56	0.3214	656	1.01	2.4	0.3424	844	1.0	2.42	0.3125	2578	1.48	2.38	0.3835	43882	1.12	2.35	0.3789	974	1.01	2.57	0.3474	12835	1.07	2.37	0.3246	23103	1.08	2.34	0.3814	2336	1.0	2.41	0.3647	3663	1.02	2.38	0.3224	191	1.04	2.45	0.3519	344	1.07	2.35	0.3438	381	1.04	2.22	0.3299	1226	1.07	2.23	0.2765	245	1.02	2.47	0.3333	1902	1.05	2.31	0.3193	130	1.02	2.71	0.1364	220	1.08	2.46	0.2879	"2776:f__Bathycorpusculaceae:family;2775:o__Bathyarchaeales:order;2774:c__Bathyarchaeia:class;402:p__Thermoproteota:phylum;2:d__Archaea:superkingdom;1:root:no rank"
541634	"f__Cryosericaceae"	121597	1.047	1.8229	0.3064	156	1.05	1.78	0.25	350	1.01	1.82	0.3421	186	1.04	1.88	0.2727	203	1.07	1.8	0.2545	372	1.03	1.8	0.3529	237	1.0	1.93	0.3478	21	1.04	1.92	0.2857	599	0.99	1.79	0.2623	126	1.01	1.88	0.1923	2548	1.02	1.78	0.3454	65	1.0	1.9	0.25	528	1.01	1.75	0.415	215	1.02	1.82	0.4714	86	1.0	1.76	0.3571	481	1.01	1.83	0.4161	125	1.0	1.89	0.1702	173	1.01	1.77	0.3478	89	1.0	1.69	0.3889	130	1.01	1.85	0.303	119	1.02	1.85	0.2703	141	1.0	1.82	0.2439	120	1.0	1.71	0.15	122	1.01	1.71	0.1429	373	1.01	1.86	0.3469	71	1.08	1.86	0.4167	71	1.0	1.75	0.0588	302	1.0	1.85	0.3699	368	1.02	1.77	0.1863	178	1.0	1.77	0.2264	240	1.05	1.8	0.2152	152	1.0	1.89	0.439	280	1.01	1.86	0.3889	503	1.04	1.87	0.3885	446	1.03	1.8	0.3453	71	1.03	2.04	0.2381	170	1.03	1.79	0.2308	25	0.99	1.79	0.3333	59	1.01	1.86	0.2941	139	1.0	1.82	0.2895	57	1.06	1.7	0.2105	124	1.11	1.89	0.2826	84	1.08	1.82	0.2917	75	1.02	1.85	0.1538	38	1.03	1.71	0.2143	741	1.0	1.8	0.3279	233	1.01	1.74	0.3425	561	1.01	1.84	0.3146	427	1.01	1.91	0.315	576	1.0	1.76	0.2892	415	1.01	1.82	0.3047	291	1.01	1.82	0.381	153	1.03	1.94	0.2222	50	1.16	1.83	0.4545	77	1.15	1.9	0.3438	166	1.0	1.89	0.2941	1066	1.02	1.85	0.2962	352	1.0	1.78	0.2574	876	1.03	1.76	0.3223	687	1.01	1.8	0.2872	863	1.01	1.79	0.3282	235	1.01	1.88	0.3205	0	NA	NA	NA	714	1.06	1.81	0.4037	5517	1.06	1.81	0.3279	632	1.03	1.86	0.3252	533	1.01	1.75	0.311	561	1.01	1.76	0.2722	3578	1.05	1.79	0.3365	38	1.0	1.87	0.1111	2173	1.01	1.83	0.2914	1031	1.03	1.82	0.3679	2756	1.02	1.79	0.3877	1840	1.02	1.83	0.3188	589	1.02	1.8	0.346	300	1.0	1.75	0.3158	292	1.0	1.84	0.3	1759	1.0	1.78	0.3279	363	1.03	1.86	0.3738	328	1.0	1.87	0.1753	1425	1.03	1.86	0.3348	7770	1.03	1.82	0.2934	1145	1.0	1.83	0.2653	6189	1.04	1.85	0.2583	4481	1.03	1.84	0.2615	1438	1.02	1.86	0.287	877	1.0	1.82	0.2014	326	1.42	1.82	0.301	24267	1.11	1.83	0.3199	408	1.0	1.82	0.3468	6934	1.05	1.84	0.2691	12238	1.04	1.84	0.3081	1298	1.01	1.83	0.2915	2204	1.02	1.84	0.2943	177	1.0	1.84	0.25	829	1.03	1.81	0.315	788	1.01	1.83	0.3442	3262	1.03	1.76	0.3009	1137	1.02	1.76	0.2588	2260	1.04	1.83	0.2775	50	1.01	1.71	0.0	303	1.05	1.77	0.2586	"541634:f__Cryosericaceae:family;541633:o__Cryosericales:order;493322:c__Caldisericia:class;493321:p__Caldisericota:phylum;27156:d__Bacteria:superkingdom;1:root:no rank"
8152	"f__DHVEG-1"	103089	1.0454	2.7141	0.4001	708	1.02	2.77	0.5436	6827	1.04	2.61	0.3425	942	1.02	2.71	0.425	1115	1.02	2.73	0.4089	1013	1.01	2.67	0.426	5202	1.02	2.6	0.3231	2	1.0	2.79	0.0	41	1.05	3.38	0.4286	16	1.02	2.6	0.2	75	1.07	2.91	0.2857	911	1.0	2.65	0.2924	204	1.02	2.56	0.641	2175	1.01	2.62	0.3243	53	1.0	2.83	0.5	547	1.02	3.38	0.5714	159	1.02	2.98	0.3913	224	1.01	3.16	0.6842	446	1.0	3.5	0.5312	183	1.03	2.96	0.4889	382	1.0	2.91	0.3117	357	1.01	3.14	0.3659	180	1.0	3.24	0.3429	200	1.01	3.25	0.325	2432	1.02	3.24	0.5	532	1.0	3.32	0.4316	418	1.03	3.13	0.4118	1083	1.02	3.41	0.5561	961	1.01	2.81	0.3956	248	1.01	2.96	0.4	296	1.01	3.19	0.3696	479	1.07	2.79	0.4906	1167	1.06	2.91	0.645	2684	1.04	3.05	0.5389	1711	1.07	2.9	0.4304	189	1.01	2.77	0.3913	433	1.1	2.75	0.5102	74	1.0	2.77	0.4737	146	1.03	2.78	0.3226	102	0.99	3.42	0.4375	105	1.0	2.9	0.25	75	1.03	3.92	0.3	60	1.0	3.59	0.2308	47	1.0	3.43	0.4286	22	1.0	4.15	0.6667	321	1.02	2.84	0.4478	111	1.01	2.84	0.35	154	1.02	2.9	0.3636	104	1.03	2.87	0.2667	213	1.03	3.14	0.3095	152	1.07	2.95	0.3125	2451	1.01	3.19	0.5233	1063	1.03	2.86	0.3394	762	1.02	2.86	0.4211	1207	1.02	3.01	0.3772	1281	1.02	3.16	0.4884	339	1.01	2.87	0.5079	113	1.03	2.51	0.4412	424	1.01	3.35	0.4756	1256	1.02	3.16	0.4413	447	1.02	2.93	0.4432	190	1.01	3.29	0.381	30	1.0	3.27	0.25	182	1.04	3.09	0.5641	901	1.04	2.8	0.4412	230	1.01	2.87	0.4255	318	1.0	2.77	0.4571	386	1.01	2.8	0.4074	1061	1.02	2.76	0.3636	62	1.0	2.7	0.5263	1003	1.02	2.75	0.4231	493	1.03	2.77	0.5179	640	1.03	2.79	0.4641	6454	1.04	2.63	0.3577	303	1.01	2.67	0.3289	107	1.01	2.75	0.3793	115	1.0	2.7	0.4615	891	1.02	2.61	0.4225	1768	1.03	3.09	0.4295	2828	1.01	2.59	0.3472	675	1.02	2.81	0.4342	1516	1.07	2.53	0.3946	922	1.02	2.66	0.3498	1520	1.07	2.49	0.3743	1077	1.07	2.62	0.3849	553	0.99	2.5	0.371	646	1.03	2.67	0.2798	313	1.59	2.66	0.5517	11878	1.11	2.48	0.3769	1668	1.0	2.59	0.3342	2719	1.05	2.48	0.3529	7679	1.07	2.52	0.3924	1603	1.02	2.52	0.4161	2348	1.03	2.5	0.3111	189	1.05	2.54	0.28	411	1.08	2.33	0.45	317	1.01	2.37	0.5	967	1.1	2.44	0.4528	140	1.01	2.52	0.4839	2028	1.13	2.36	0.4291	69	1.04	2.47	0.4	265	1.02	2.58	0.3833	"8152:f__DHVEG-1:family;8151:o__DHVEG-1:order;8150:c__E2:class;116:p__Thermoplasmatota:phylum;2:d__Archaea:superkingdom;1:root:no rank"
633246	"f__UBA5704"	97362	1.0104	2.2966	0.3306	2190	1.02	2.56	0.3603	855	1.02	2.49	0.3396	1392	1.02	2.41	0.3468	1632	1.02	2.4	0.335	4491	1.01	2.57	0.3869	125	1.0	2.54	0.2826	68	1.06	2.13	0.4706	3758	1.0	2.37	0.3116	406	1.01	2.29	0.2532	5773	1.01	2.38	0.3278	162	1.0	2.31	0.2951	2382	1.01	2.32	0.3614	1026	1.0	2.23	0.315	260	1.0	2.16	0.2688	2276	1.01	2.27	0.3712	520	1.0	2.17	0.3825	710	1.01	2.24	0.302	1172	0.99	2.28	0.3194	620	1.05	2.27	0.343	978	1.0	2.15	0.3023	1056	1.01	2.16	0.2962	503	1.03	2.23	0.2698	505	1.06	2.18	0.2732	4372	1.0	2.31	0.3263	509	1.0	2.21	0.4022	218	1.0	2.12	0.2278	4107	1.01	2.28	0.3627	2309	1.01	2.17	0.3272	1236	1.0	2.15	0.2913	1626	1.01	2.13	0.3141	981	1.01	2.19	0.3194	1600	1.0	2.29	0.3886	3913	1.01	2.32	0.3415	2234	1.02	2.14	0.2842	520	1.01	2.13	0.3161	4126	1.01	2.3	0.3314	134	1.0	2.28	0.2889	437	1.0	2.18	0.3312	199	1.0	2.48	0.2794	121	1.0	2.42	0.283	117	0.99	2.33	0.1556	76	1.02	2.65	0.2917	81	1.0	1.97	0.2593	42	1.0	1.91	0.3125	545	1.0	2.3	0.2754	215	1.04	2.35	0.3467	414	1.05	2.24	0.2824	329	1.01	2.27	0.2909	400	1.01	2.2	0.2481	309	1.01	2.15	0.2893	2132	1.01	2.34	0.3498	453	1.01	2.16	0.339	226	1.0	2.17	0.211	321	1.02	2.15	0.2295	1254	1.02	2.3	0.3341	374	1.0	2.39	0.3094	121	1.0	2.12	0.2927	2898	1.02	2.17	0.3435	400	1.0	2.38	0.3802	1941	1.0	2.26	0.3536	349	1.0	2.18	0.3197	9	1.01	2.84	0.5	592	1.01	2.26	0.3527	4085	1.03	2.29	0.316	326	1.01	2.21	0.3276	246	1.01	2.23	0.3506	269	1.0	2.15	0.2791	2787	1.01	2.27	0.3449	20	1.0	2.5	0.375	758	1.0	2.13	0.248	1048	1.01	2.25	0.384	1976	1.01	2.26	0.3624	713	1.01	2.18	0.3182	395	0.99	2.14	0.368	110	0.99	2.1	0.2105	161	1.0	2.05	0.3393	744	1.0	2.28	0.3774	2407	1.0	2.25	0.3308	88	1.02	2.35	0.2105	228	1.0	2.33	0.2785	1568	1.01	2.28	0.342	165	0.99	2.18	0.2931	563	1.01	2.23	0.3141	357	1.01	2.19	0.322	1080	1.0	2.3	0.2779	58	1.0	2.28	0.3529	8	1.0	1.94	0.0	1099	1.04	2.51	0.227	64	0.99	2.43	0.1739	324	1.04	2.43	0.1282	350	1.0	2.3	0.2843	69	1.0	2.45	0.375	52	1.01	2.46	0.2727	47	1.0	2.55	0.2308	7	1.0	2.42	0.3333	18	0.99	1.72	0.25	16	1.0	2.46	0.0	13	1.0	1.66	0.25	41	1.0	2.49	0.3333	1	1.0	1.85	0.0	1	1.0	3.15	0.0	"633246:f__UBA5704:family;474554:o__Multivoradales:order;474553:c__Thermoanaerobaculia:class;420176:p__Acidobacteriota:phylum;27156:d__Bacteria:superkingdom;1:root:no rank"
501549	"f__Fermentithermobacillaceae"	88962	1.0721	1.8027	0.3305	522	1.02	1.86	0.3584	272	1.04	1.92	0.4118	653	1.03	1.83	0.332	755	1.04	1.85	0.3233	1398	1.04	1.82	0.3455	199	1.0	1.86	0.3165	600	1.32	1.79	0.3287	10741	1.06	1.8	0.2943	4409	1.06	1.81	0.2558	30560	1.12	1.79	0.3449	546	1.0	1.8	0.2736	301	1.01	1.75	0.3276	334	1.02	1.75	0.2782	67	1.01	1.76	0.4333	523	1.02	1.77	0.4162	281	1.0	1.79	0.2871	309	1.02	1.79	0.2835	420	1.01	1.78	0.3169	661	1.02	1.76	0.2562	831	1.03	1.77	0.2759	894	1.02	1.8	0.2957	318	1.02	1.8	0.3071	288	1.02	1.78	0.2368	601	1.01	1.83	0.3671	107	1.0	1.66	0.3333	109	1.01	1.83	0.3696	1443	1.03	1.79	0.3755	976	1.01	1.79	0.3368	813	1.02	1.75	0.2781	957	1.02	1.77	0.2872	268	1.0	1.8	0.3814	423	1.03	1.83	0.5192	820	1.02	1.82	0.3684	467	1.01	1.79	0.3333	158	1.0	1.72	0.2615	927	1.03	1.77	0.3529	32	1.0	1.71	0.6	114	1.03	1.79	0.2083	38	1.0	1.9	0.25	51	1.01	1.79	0.0556	60	1.02	1.74	0.16	37	1.0	1.82	0.3125	27	1.0	1.75	0.1429	19	1.01	1.78	1.0	192	1.01	1.66	0.3289	77	1.0	1.66	0.087	162	1.0	1.85	0.2885	130	1.02	1.98	0.3953	116	1.0	1.73	0.3611	79	1.0	1.75	0.2308	44	0.99	1.82	0.3889	38	0.99	2.39	0.2857	6	1.0	1.61	0.3333	8	1.01	1.61	0.0	35	1.0	1.94	0.4545	84	1.0	1.81	0.5152	29	1.0	1.65	0.1818	126	1.02	1.65	0.4884	32	1.02	1.7	0.5	79	1.13	1.9	0.1154	11	1.0	1.6	0.5	1	1.0	0.9	1.0	65	1.05	1.78	0.3478	443	1.06	1.79	0.3007	56	1.0	1.66	0.4231	58	1.01	1.72	0.1579	77	1.04	1.84	0.2121	274	1.02	1.82	0.4632	8	1.01	1.92	0.5	247	1.03	1.76	0.3333	71	0.99	1.65	0.2609	228	1.04	1.72	0.3457	261	1.02	1.8	0.3333	48	1.0	1.89	0.3125	20	1.01	1.75	0.8333	11	1.0	2.03	0.1429	183	1.0	1.74	0.3382	505	1.05	1.75	0.3834	94	1.01	1.94	0.3421	116	1.1	1.83	0.4444	495	1.01	1.87	0.3967	68	1.0	1.74	0.24	204	1.03	1.76	0.3043	165	1.01	1.78	0.2836	80	1.0	1.72	0.2857	75	1.01	1.91	0.2414	53	2.12	1.97	0.3913	2410	1.06	1.82	0.3365	57	1.01	1.88	0.2917	412	1.03	1.82	0.3333	2242	1.03	1.81	0.36	126	1.0	1.85	0.3333	289	1.0	1.82	0.28	15	1.05	1.7	0.1667	1257	1.07	1.85	0.3485	1365	1.06	1.85	0.3269	4386	1.08	1.84	0.3547	492	1.03	1.87	0.3613	4794	1.05	1.83	0.354	247	1.0	1.86	0.2316	1387	1.05	1.82	0.282	"501549:f__Fermentithermobacillaceae:family;501548:o__Fermentithermobacillales:order;501547:c__Fermentithermobacillia:class;94816:p__Bacillota:phylum;27156:d__Bacteria:superkingdom;1:root:no rank"
437539	"f__Smithellaceae"	81093	1.0451	2.5287	0.3343	195	1.03	2.6	0.4375	417	1.02	2.43	0.4286	232	1.02	2.61	0.3585	300	1.05	2.66	0.2615	405	1.05	2.68	0.3704	341	0.99	2.54	0.4	35	1.03	2.81	0.4444	1062	1.02	2.48	0.3217	380	1.0	2.54	0.22	6301	1.04	2.39	0.2997	122	1.0	2.58	0.2727	963	1.01	2.6	0.4028	379	1.01	2.6	0.3412	254	0.99	2.57	0.3	444	1.0	2.84	0.5258	154	1.0	2.83	0.2432	139	1.0	2.82	0.2821	136	1.01	2.56	0.4483	161	1.01	2.68	0.3556	138	1.0	2.85	0.3429	162	0.99	2.74	0.2857	122	1.0	2.83	0.3226	122	1.03	2.87	0.3226	534	1.01	2.87	0.3846	74	1.0	2.8	0.4737	82	1.0	2.84	0.28	434	1.0	2.99	0.4105	569	1.03	2.82	0.2927	286	1.0	2.77	0.2667	375	1.02	2.67	0.2414	1271	1.03	3.16	0.4444	1961	1.01	3.02	0.4727	1445	1.06	2.88	0.4633	1281	1.05	2.98	0.3299	198	1.02	2.87	0.381	338	1.04	2.9	0.3818	52	1.04	2.82	0.2	181	1.09	2.89	0.3939	117	0.99	2.84	0.4375	103	1.0	2.55	0.2414	211	1.01	2.6	0.2903	149	1.02	2.65	0.2	225	1.01	2.45	0.2258	97	1.02	2.65	0.2727	769	1.01	2.48	0.359	273	1.02	2.48	0.3521	473	1.03	2.54	0.3333	352	1.01	2.53	0.3558	430	1.02	2.62	0.2807	346	1.03	2.69	0.28	825	1.04	3.49	0.4545	307	1.06	3.21	0.3077	152	1.04	3.11	0.3889	215	1.02	3.15	0.5349	277	1.05	3.01	0.5417	290	1.05	2.71	0.3393	99	1.04	2.72	0.381	371	1.03	2.66	0.2637	1361	1.01	2.96	0.3654	599	1.02	2.92	0.3768	102	0.99	2.74	0.35	18	1.01	3.27	0.2	180	1.05	2.87	0.3617	1049	1.08	2.91	0.4286	189	1.02	2.74	0.3585	262	1.02	2.79	0.2807	289	1.03	2.74	0.2881	1191	1.05	2.76	0.4317	27	1.0	2.98	0.75	847	1.01	2.67	0.3623	291	1.0	2.73	0.4559	615	1.04	2.88	0.4088	837	1.02	2.66	0.3552	199	1.01	2.78	0.3585	57	1.03	2.7	0.375	74	1.0	2.91	0.4762	541	1.02	2.86	0.3821	419	1.03	3.33	0.3231	278	1.0	2.53	0.3594	637	1.01	2.54	0.3503	1004	1.05	2.38	0.3583	278	1.02	2.45	0.2603	818	1.05	2.47	0.2596	545	1.03	2.5	0.2824	253	1.02	2.48	0.2656	212	1.01	2.48	0.2632	121	1.45	2.45	0.3556	7355	1.1	2.44	0.3612	214	1.0	2.44	0.4259	1781	1.04	2.43	0.2726	3741	1.05	2.48	0.3553	377	1.01	2.44	0.3426	609	1.0	2.43	0.2901	32	1.03	2.57	0.4	1832	1.04	2.28	0.3633	1736	1.01	2.25	0.299	5827	1.08	2.3	0.2944	4772	1.05	2.24	0.266	8566	1.06	2.26	0.3032	424	0.99	2.25	0.122	2408	1.05	2.29	0.237	"437539:f__Smithellaceae:family;437538:o__Syntrophales:order;437537:c__Syntrophia:class;433205:p__Desulfobacterota:phylum;27156:d__Bacteria:superkingdom;1:root:no rank"
630561	"f__UBA1163"	79652	1.0598	2.2794	0.3133	679	1.02	2.41	0.3365	1627	1.01	2.25	0.3478	877	1.01	2.35	0.3012	1025	1.01	2.35	0.3264	1384	1.03	2.36	0.3729	1011	1.03	2.29	0.3241	7	1.0	4.05	0.0	233	1.01	2.83	0.3778	63	1.01	2.77	0.1429	676	1.0	2.71	0.3894	314	1.0	2.45	0.2727	99	1.0	2.48	0.5833	842	1.01	2.25	0.2653	24	0.99	2.82	0.0	92	1.0	2.38	0.4545	19	1.0	2.13	0.0	32	0.99	2.35	0.0	31	1.0	2.22	0.3333	17	1.0	2.44	0.0	20	1.01	2.31	0.0	20	1.01	2.74	0.5	19	1.0	2.56	0.0	12	1.0	2.54	0.5	436	1.01	2.38	0.2895	89	0.99	2.22	0.3125	80	0.99	2.22	0.2963	147	1.02	2.49	0.2353	214	1.0	2.36	0.2353	79	0.99	2.27	0.2381	97	1.01	2.63	0.3182	320	0.99	2.37	0.3333	680	1.01	2.39	0.4422	1344	1.04	2.41	0.35	1294	1.03	2.39	0.3598	144	1.0	2.38	0.3462	392	1.02	2.48	0.3733	46	1.0	2.34	0.4	138	1.0	2.43	0.3636	20	1.0	2.7	0.4	52	1.08	2.39	0.4167	37	1.17	2.29	0.1111	26	1.02	2.64	0.2	34	1.07	2.13	0.2	17	1.02	1.92	0.0	144	1.04	2.24	0.3636	47	0.99	2.31	0.2857	78	1.0	2.34	0.2	55	0.99	2.4	0.375	78	1.02	2.51	0.4444	57	1.01	2.51	0.3333	270	1.0	2.45	0.2564	154	1.01	2.67	0.3333	101	0.99	2.38	0.2609	148	1.03	2.54	0.3333	171	1.0	2.89	0.5333	87	0.99	2.46	0.3684	25	1.0	2.12	0.25	82	1.0	2.29	0.3529	172	1.03	2.57	0.575	140	1.01	2.61	0.4211	26	1.0	2.35	0.25	9	1.0	3.12	0.0	52	1.0	2.32	0.4545	224	1.01	2.72	0.359	66	1.0	2.37	0.2353	76	0.99	2.67	0.4167	94	1.01	2.58	0.3529	320	1.01	2.65	0.4789	17	1.01	2.79	0.0	247	1.01	2.5	0.2857	122	1.02	2.65	0.5769	227	1.01	2.69	0.4	1496	1.03	2.3	0.3049	68	1.01	2.5	0.3636	28	1.0	2.7	0.4	27	1.0	2.19	0.25	390	1.01	2.34	0.3867	505	1.04	2.54	0.3814	657	1.0	2.38	0.2759	1533	1.01	2.21	0.3568	6378	1.03	2.23	0.2953	922	1.0	2.24	0.2944	5990	1.04	2.23	0.2425	4309	1.03	2.24	0.2593	1241	1.01	2.21	0.278	1060	1.02	2.3	0.2304	214	1.37	2.34	0.4444	15362	1.16	2.24	0.3405	576	1.0	2.2	0.3016	3820	1.05	2.22	0.2533	9186	1.09	2.22	0.3184	996	1.02	2.22	0.2778	1920	1.03	2.22	0.2636	404	1.01	2.16	0.2407	399	1.04	2.25	0.3333	322	1.02	2.41	0.359	990	1.03	2.22	0.4178	136	1.08	2.04	0.5135	2465	1.04	2.28	0.3202	49	1.0	2.32	0.2222	111	1.0	2.11	0.2414	"630561:f__UBA1163:family;630560:o__BSN033:order;630559:c__BSN033:class;433205:p__Desulfobacterota:phylum;27156:d__Bacteria:superkingdom;1:root:no rank"
794	"f__Methanotrichaceae"	75157	1.0854	2.0117	0.3594	90	1.08	2.32	0.35	697	1.03	1.98	0.381	128	1.04	2.23	0.3226	152	1.02	2.39	0.3636	196	1.05	2.26	0.2979	565	1.01	2.06	0.3764	1	1.0	1.14	0.0	20	1.0	2.17	0.6667	7	1.0	2.5	0.0	166	1.02	2.32	0.3333	219	1.0	2.02	0.2344	19	0.99	2.11	0.0	560	1.02	2.12	0.3504	4	1.03	2.1	0.5	17	0.99	2.36	0.2	6	1.0	1.83	0.5	8	1.0	2.19	0.0	24	1.0	1.83	1.0	13	1.0	3.04	1.0	18	1.0	2.21	0.0	24	1.0	2.19	0.0	11	1.01	2.07	0.0	13	1.0	3.28	0.3333	269	1.02	2.03	0.2794	64	1.01	1.99	0.5	51	1.0	2.13	0.3077	629	1.03	2.18	0.3592	234	1.02	2.18	0.2545	126	1.01	2.18	0.4545	149	1.01	2.53	0.375	149	1.0	2.32	0.2353	314	1.01	2.1	0.381	160	1.0	2.09	0.4762	258	1.03	2.37	0.3333	37	1.01	2.48	0.3636	39	1.0	1.93	0.1429	17	0.99	2.17	0.2857	34	1.0	2.05	0.25	1	1.0	1.48	0.0	15	1.0	4.49	0.3333	5	1.0	5.79	0.0	6	1.0	2.32	0.0	3	1.0	9.51	0.0	0	NA	NA	NA	14	1.4	6.05	0.0	7	1.0	1.57	0.0	18	1.0	3.89	0.1667	15	0.99	2.9	0.3333	15	1.0	4.37	0.1429	12	1.0	4.0	0.0	35	1.01	2.45	0.2222	69	0.99	2.18	0.3077	28	1.03	3.23	0.5	42	1.04	2.37	0.6667	28	1.01	2.63	0.3	39	0.99	2.22	0.5	23	1.0	2.2	0.0	101	1.02	2.06	0.4815	438	1.02	2.06	0.4286	613	1.01	2.07	0.3798	145	1.0	2.0	0.5	3	1.0	2.51	0.0	10	1.01	1.96	0.0	717	1.05	2.09	0.4204	210	1.02	2.17	0.4211	302	1.02	2.22	0.325	334	1.01	2.11	0.4756	966	1.03	2.02	0.3894	13	1.01	2.45	0.0	824	1.04	2.09	0.3243	83	1.01	2.0	0.5385	483	1.0	2.09	0.4643	970	1.03	2.14	0.3677	98	1.0	2.11	0.3462	32	1.0	2.05	0.1111	50	0.99	2.18	0.4706	403	1.0	2.06	0.39	178	1.01	1.97	0.2581	394	1.01	2.11	0.2553	1482	1.05	2.06	0.4022	4120	1.05	1.99	0.3763	768	1.02	2.02	0.3707	3796	1.09	2.03	0.3455	2730	1.07	2.04	0.3451	1201	1.02	1.99	0.3713	736	1.03	2.03	0.3991	368	1.27	1.95	0.3564	18554	1.12	1.97	0.3748	416	1.02	2.13	0.3543	4225	1.1	2.05	0.3344	13284	1.15	1.97	0.3486	973	1.04	2.06	0.2808	1337	1.05	2.08	0.3448	81	1.02	1.91	0.3636	183	1.01	1.88	0.4333	378	1.0	1.92	0.4138	515	1.05	1.93	0.4031	507	1.01	1.81	0.2905	6146	1.06	1.92	0.3398	20	1.0	1.97	0.1429	107	1.04	1.79	0.2759	"794:f__Methanotrichaceae:family;793:o__Methanotrichales:order;224:c__Methanosarcinia:class;223:p__Halobacteriota:phylum;2:d__Archaea:superkingdom;1:root:no rank"
589000	"f__UBA2199"	72211	1.0549	2.6161	0.2458	52	1.0	2.99	0.25	269	1.02	2.94	0.2222	65	1.01	3.19	0.2	61	1.04	3.29	0.375	112	1.01	2.59	0.1667	238	1.02	2.86	0.2353	9	1.0	2.26	0.3333	230	1.0	2.67	0.3019	53	1.0	3.03	0.3333	1410	1.05	2.53	0.3305	98	1.0	2.53	0.16	229	1.0	2.78	0.375	325	1.02	2.63	0.2581	31	1.0	2.62	0.1	112	1.01	2.62	0.2941	36	1.0	2.76	0.1667	43	0.99	2.85	0.3333	68	1.03	2.7	0.1538	56	1.02	3.0	0.4167	53	1.02	3.13	0.25	67	0.99	2.96	0.25	36	1.05	2.61	0.1429	31	0.99	2.47	0.25	394	1.02	2.83	0.3059	43	1.01	3.03	0.0909	40	0.99	2.69	0.4545	450	1.02	2.8	0.2857	456	1.01	2.69	0.1695	243	1.01	2.97	0.2941	331	1.02	2.87	0.2338	473	1.0	2.94	0.299	673	1.04	2.77	0.3436	897	1.03	2.74	0.3283	995	1.03	2.81	0.2749	151	1.01	2.91	0.1111	636	1.03	2.72	0.2832	45	1.0	2.53	0.25	137	1.01	2.83	0.1667	282	1.01	2.59	0.2338	203	1.0	2.72	0.1212	297	1.02	2.6	0.1522	219	1.0	2.71	0.1148	226	1.01	2.87	0.1803	112	1.01	2.96	0.1562	1089	1.03	2.55	0.193	300	1.01	2.74	0.1579	968	1.04	2.67	0.2481	750	1.03	2.75	0.2206	802	1.02	2.59	0.1822	606	1.03	2.69	0.1882	833	1.03	2.86	0.3095	457	1.02	2.84	0.1654	279	0.99	2.93	0.2222	396	1.02	2.9	0.2632	300	1.02	2.88	0.2375	785	1.03	2.57	0.2293	257	1.01	2.63	0.2353	690	1.02	2.71	0.2344	1072	1.03	2.68	0.2353	1265	1.01	2.7	0.2265	282	1.01	2.72	0.1549	11	1.0	3.06	0.2	606	1.04	2.59	0.3403	2850	1.07	2.64	0.2803	398	1.02	2.78	0.2736	581	1.02	2.75	0.1818	718	1.02	2.73	0.2283	3344	1.09	2.66	0.283	38	1.0	2.97	0.2353	2516	1.06	2.64	0.2535	696	1.03	2.66	0.3256	1770	1.05	2.75	0.2688	1336	1.03	2.81	0.2137	538	1.02	2.77	0.1958	204	1.0	2.56	0.1833	241	1.01	2.71	0.2763	1456	1.03	2.76	0.2163	291	1.02	2.83	0.2941	230	1.0	2.71	0.2549	1122	1.03	2.46	0.2892	2244	1.03	2.52	0.2285	452	1.0	2.66	0.25	1940	1.05	2.51	0.2053	1414	1.03	2.5	0.1906	527	1.02	2.44	0.2123	707	1.02	2.46	0.2055	147	1.28	2.58	0.2222	9543	1.15	2.49	0.2658	257	1.01	2.69	0.2571	2541	1.05	2.53	0.2186	5123	1.09	2.54	0.2335	683	1.02	2.5	0.228	1338	1.03	2.46	0.2365	28	1.0	2.85	0.4	360	1.06	2.49	0.2688	371	1.03	2.37	0.3036	922	1.04	2.48	0.1937	784	1.01	2.35	0.1916	1305	1.04	2.38	0.2406	82	0.99	2.4	0.2069	379	1.05	2.5	0.1917	"589000:f__UBA2199:family;588999:o__UBA2199:order;454775:c__Aminicenantia:class;420176:p__Acidobacteriota:phylum;27156:d__Bacteria:superkingdom;1:root:no rank"
527996	"f__DSM-27016"	64878	1.1501	2.7372	0.3595	45	1.02	2.59	0.5714	254	2.2	3.03	0.1296	46	1.06	2.95	0.2667	51	1.01	2.93	0.2308	68	1.02	2.24	0.3846	159	1.2	2.89	0.0741	3	1.0	2.7	0.0	79	1.02	2.61	0.6154	16	1.0	2.27	0.3333	36	1.0	3.18	0.0	33	1.1	3.07	0.2	63	1.0	3.03	0.4444	120	1.0	2.63	0.3636	25	1.0	2.25	0.25	172	1.07	2.91	0.3889	73	1.04	2.74	0.5	88	1.04	2.87	0.3529	41	1.01	2.4	0.3333	105	1.01	2.84	0.4375	142	1.01	3.0	0.3571	167	1.0	2.92	0.1765	53	1.01	2.94	0.2667	53	1.02	3.0	0.3333	193	1.06	3.02	0.4146	64	1.0	3.24	0.3889	40	1.0	2.96	0.3333	151	1.0	3.09	0.3929	112	1.06	2.69	0.2	47	1.01	2.96	0.0909	60	1.06	2.94	0.2	2025	1.04	2.77	0.4724	4298	1.05	2.81	0.4878	2693	1.07	2.81	0.4096	5472	1.11	2.85	0.3841	2542	1.12	2.88	0.3081	1281	1.22	2.78	0.427	716	1.02	2.87	0.3041	2041	1.09	2.85	0.3186	47	1.03	3.59	0.2778	142	1.05	2.91	0.2162	87	1.04	2.67	0.3077	64	1.02	2.81	0.2667	75	1.06	2.92	0.0588	37	1.0	2.79	0.1111	141	1.22	2.57	0.4167	81	1.02	2.95	0.3333	311	1.05	2.69	0.303	234	1.08	2.74	0.2182	230	1.1	2.74	0.2456	195	1.05	2.8	0.2	314	1.1	3.02	0.3103	330	1.05	2.93	0.2857	113	1.02	2.73	0.25	179	1.02	2.64	0.2581	124	1.1	2.78	0.381	424	1.03	3.05	0.44	170	1.0	2.86	0.4516	423	1.03	2.96	0.3191	298	1.01	2.92	0.4898	374	1.02	2.99	0.3623	44	1.01	2.6	0.0	161	1.61	3.03	0.0476	102	1.08	2.72	0.35	573	1.31	3.03	0.3373	273	1.63	2.8	0.1176	309	2.03	2.98	0.25	356	2.18	3.04	0.1613	451	1.15	2.91	0.25	31	1.04	3.1	0.125	203	1.06	2.8	0.4167	233	2.22	3.2	0.14	589	1.89	3.08	0.3393	753	1.94	3.07	0.1852	214	1.77	3.23	0.1667	133	1.82	3.03	0.0968	133	1.72	3.2	0.037	360	1.65	3.14	0.2405	240	1.11	2.75	0.3889	261	1.16	2.83	0.2239	319	1.09	2.54	0.3247	689	1.09	2.71	0.437	315	1.05	2.88	0.3134	699	1.16	2.7	0.4516	506	1.08	2.64	0.367	413	1.16	2.72	0.2667	249	1.08	2.64	0.3279	86	1.5	2.83	0.6522	13450	1.15	2.59	0.3571	349	1.05	2.66	0.2949	3970	1.07	2.59	0.3096	2213	1.08	2.62	0.3824	651	1.02	2.57	0.2832	943	1.04	2.59	0.3194	11	0.99	2.21	0.25	900	1.1	2.55	0.5388	650	1.11	2.52	0.3975	2462	1.14	2.61	0.401	513	1.05	2.46	0.33	1574	1.19	2.51	0.378	128	1.05	2.69	0.1562	349	1.08	2.73	0.4632	"527996:f__DSM-27016:family;506182:o__Acetivibrionales:order;175126:c__Clostridia:class;94816:p__Bacillota:phylum;27156:d__Bacteria:superkingdom;1:root:no rank"
628291	"f__UBA9673"	61288	1.0274	2.2714	0.3044	3451	1.02	2.32	0.318	1518	1.0	2.25	0.3116	4075	1.03	2.23	0.275	4835	1.03	2.22	0.2743	4559	1.04	2.34	0.3304	135	1.0	2.21	0.4167	138	1.18	2.31	0.3922	12745	1.03	2.33	0.3045	746	1.0	2.18	0.2087	8521	1.04	2.29	0.3234	108	1.04	2.14	0.2174	7373	1.02	2.25	0.3163	1147	1.02	2.12	0.2932	1579	1.0	2.13	0.2439	495	1.01	2.26	0.324	61	1.08	2.2	0.1905	78	1.0	2.19	0.3947	387	1.01	2.27	0.241	289	1.01	2.11	0.2069	238	1.0	2.07	0.2105	261	1.0	2.04	0.2358	134	1.05	2.13	0.2069	150	1.01	2.08	0.2222	169	1.0	2.3	0.2703	24	1.02	2.04	0.3333	14	0.99	1.89	0.1429	94	1.0	2.26	0.2647	82	1.0	2.24	0.3077	122	1.04	2.14	0.3036	124	1.01	2.02	0.2632	52	1.0	2.2	0.5833	40	1.02	2.64	0.3	348	1.02	2.29	0.3534	206	1.0	2.04	0.2619	34	1.01	2.37	0.5	55	1.0	1.99	0.2353	7	1.0	2.33	0.0	29	1.0	2.11	0.2727	21	1.0	2.27	0.4545	12	1.01	2.39	0.25	4	1.03	2.86	0.0	6	1.01	1.9	0.25	5	1.0	2.04	0.0	5	1.0	1.22	0.0	21	0.99	1.82	0.4286	13	0.99	2.56	0.125	11	0.99	2.26	0.0	5	1.0	1.94	0.0	7	1.0	2.64	0.0	4	1.0	3.1	0.0	5	1.0	2.02	0.5	6	1.0	2.06	0.25	3	1.0	1.74	1.0	2	1.0	1.95	0.0	5	1.0	2.53	0.3333	24	0.99	2.21	0.25	3	1.0	1.42	0.3333	24	1.0	2.84	0.375	2	1.0	2.16	0.0	4	1.0	2.22	0.0	0	NA	NA	NA	4	1.0	1.84	1.0	9	1.0	2.57	0.5	35	1.04	2.52	0.3571	5	1.0	1.78	0.0	1	1.0	1.2	0.0	2	1.0	1.41	0.0	64	1.04	2.21	0.3333	2	1.0	2.9	1.0	7	1.01	2.36	0.0	3	1.0	3.32	0.5	10	1.0	1.97	0.4286	44	1.01	2.16	0.1875	2	1.0	1.98	0.0	1	1.0	2.53	0.0	2	1.0	1.47	0.0	23	0.99	2.95	0.3333	53	0.99	2.03	0.1429	40	1.0	2.44	0.3333	104	1.04	2.33	0.4634	454	1.01	2.24	0.3069	60	1.0	2.11	0.2917	238	1.0	2.24	0.2451	160	1.0	2.12	0.2069	52	1.01	2.44	0.2917	31	0.99	2.14	0.1875	103	1.63	2.18	0.45	970	1.02	2.22	0.3261	24	1.0	2.08	0.25	698	1.02	2.19	0.2401	1283	1.02	2.26	0.3258	46	1.0	2.16	0.2963	111	1.0	2.03	0.2308	66	1.01	2.25	0.2647	180	1.02	2.25	0.4474	148	1.02	2.38	0.3333	601	1.05	2.43	0.4156	323	1.01	2.57	0.3358	542	1.02	2.33	0.3182	9	1.0	2.76	0.5	163	1.05	2.24	0.3846	"628291:f__UBA9673:family;628290:o__UBA995:order;628289:c__UBA995:class;94816:p__Bacillota:phylum;27156:d__Bacteria:superkingdom;1:root:no rank"
511115	"f__Terrimicrobiaceae"	57679	1.0642	1.9603	0.3001	733	1.21	1.97	0.3096	418	1.71	2.13	0.2222	883	1.43	1.99	0.2546	1083	1.53	2.02	0.2637	1590	1.28	1.96	0.3316	156	1.66	2.05	0.1429	47	1.13	2.24	0.5	2781	1.03	1.93	0.3255	405	0.99	1.9	0.2645	4966	1.04	1.92	0.3242	196	1.06	2.02	0.1389	1733	0.99	1.92	0.3592	889	1.12	1.97	0.2909	243	1.01	1.88	0.2973	1238	1.02	1.96	0.3424	211	1.0	1.93	0.3455	356	1.03	1.97	0.2843	676	1.03	1.91	0.3459	563	1.0	1.92	0.2484	394	1.02	1.95	0.2248	440	1.0	1.92	0.3659	317	1.04	1.88	0.2444	307	1.05	1.91	0.2444	1890	1.01	1.95	0.3129	174	1.01	1.88	0.3864	151	1.01	1.89	0.5	1750	1.0	1.93	0.3194	1623	1.03	1.93	0.2731	1094	1.0	1.94	0.2685	1324	1.01	1.94	0.2471	570	1.01	1.92	0.3434	885	1.02	1.96	0.3229	2357	1.02	1.94	0.3276	1067	1.01	1.93	0.2662	447	1.01	1.95	0.2087	2794	1.01	1.95	0.3215	94	1.01	1.98	0.3448	332	0.99	1.89	0.3	162	1.0	1.93	0.3548	154	1.01	1.95	0.2128	132	1.01	1.99	0.3333	100	1.0	2.05	0.1	88	1.02	1.99	0.1724	47	1.0	1.8	0.0714	451	1.03	1.99	0.3871	154	1.0	1.91	0.2571	350	1.0	1.89	0.2474	261	1.03	1.88	0.3333	247	1.02	1.88	0.3194	217	1.0	1.87	0.2963	1411	1.03	1.94	0.3314	361	1.04	2.01	0.2258	268	1.02	1.97	0.2143	394	1.06	2.01	0.288	732	1.02	1.96	0.2819	304	1.03	1.97	0.3429	58	0.99	1.97	0.0714	220	1.05	1.97	0.25	280	1.04	2.08	0.2319	1282	1.03	1.99	0.2997	240	1.25	2.26	0.3623	6	1.0	2.42	0.0	322	1.04	1.95	0.3026	992	1.02	1.94	0.3227	236	1.02	1.96	0.2778	137	1.01	1.86	0.2368	166	1.01	1.96	0.2857	1697	1.05	1.98	0.319	23	1.18	2.42	0.5	739	1.03	1.95	0.2778	679	1.08	2.05	0.3125	1374	1.0	1.98	0.2604	834	1.2	1.97	0.2623	257	1.0	1.94	0.2676	100	1.02	1.94	0.3793	91	1.01	1.94	0.3939	527	1.05	2.03	0.3288	892	1.02	2.01	0.2782	116	1.47	2.28	0.1	189	1.52	2.32	0.3256	758	1.04	2.02	0.3134	118	1.13	2.1	0.0625	562	1.12	2.09	0.2038	395	1.14	2.13	0.2564	145	1.05	1.92	0.2703	84	1.0	1.9	0.4167	8	1.0	1.55	1.0	361	1.04	1.95	0.2178	49	1.11	2.2	0.125	78	1.1	2.16	0.2414	190	1.12	2.18	0.3095	52	1.17	2.53	0.2667	41	1.1	2.0	0.25	63	1.04	2.35	0.25	25	0.99	2.11	0.8	27	1.0	1.91	0.3	96	1.01	1.93	0.3793	28	1.02	1.75	0.3333	93	1.0	2.04	0.2759	28	0.99	1.69	0.0	11	1.1	1.94	0.0	"511115:f__Terrimicrobiaceae:family;511114:o__Chthoniobacterales:order;230576:c__Verrucomicrobiia:class;230575:p__Verrucomicrobiota:phylum;27156:d__Bacteria:superkingdom;1:root:no rank"
658818	"f__UBA2185"	54601	1.0327	2.1376	0.3683	271	1.03	2.1	0.403	819	1.02	2.13	0.4272	286	1.03	2.12	0.2857	362	1.02	2.07	0.2941	474	1.01	2.07	0.28	460	1.0	2.2	0.4138	25	1.12	2.22	0.4	205	1.01	2.17	0.3	69	0.99	2.16	0.3684	4937	1.05	2.08	0.3749	247	1.0	2.11	0.3115	280	1.01	2.19	0.5167	691	1.02	2.21	0.4457	53	1.01	2.22	0.3571	128	1.03	2.28	0.5	18	1.0	1.81	0.1667	37	0.99	2.49	0.2222	35	1.0	2.5	0.1818	35	1.0	2.19	0.375	33	1.01	2.37	0.1429	35	1.01	2.2	0.3333	28	1.0	2.11	0.5	33	1.0	2.15	0.6	267	1.0	2.17	0.5692	52	1.0	2.22	0.4444	59	0.99	2.05	0.25	161	1.01	2.23	0.5116	188	1.0	2.44	0.3404	75	1.0	2.25	0.1905	103	1.01	2.39	0.1481	246	1.01	2.09	0.4516	344	1.02	2.32	0.4268	834	1.01	2.23	0.4247	692	1.01	2.27	0.4192	88	1.0	2.2	0.2083	187	1.02	2.48	0.4444	25	1.0	2.4	0.1111	70	1.01	1.99	0.4118	254	0.99	2.01	0.3088	131	1.02	2.27	0.1951	253	1.01	2.17	0.1795	192	1.01	2.09	0.2083	166	1.01	2.05	0.2453	79	1.0	2.13	0.08	1500	1.01	2.1	0.392	126	1.0	2.14	0.3704	362	1.0	2.22	0.3214	228	1.0	2.13	0.3051	369	1.01	2.24	0.2828	269	1.0	2.21	0.3239	94	1.02	2.54	0.4375	292	1.0	2.16	0.3523	33	1.33	2.59	0.375	49	1.14	2.37	0.375	48	1.01	2.41	0.3	370	1.01	2.18	0.4535	138	1.02	2.28	0.3	395	1.03	2.11	0.3583	596	1.01	2.16	0.3873	470	1.0	2.17	0.4286	116	1.0	2.31	0.3333	2	1.0	2.9	0.0	76	1.03	2.28	0.4706	513	1.02	2.23	0.367	196	1.0	2.19	0.4107	152	1.03	2.22	0.2162	124	1.0	2.21	0.3438	893	1.02	2.21	0.3592	58	1.0	2.43	0.25	833	1.03	2.24	0.2893	138	1.0	2.19	0.4231	399	1.0	2.23	0.4752	825	0.99	2.18	0.3776	107	0.99	2.27	0.25	33	1.0	2.13	0.2	34	1.0	2.21	0.5714	712	1.01	2.19	0.3856	93	1.0	1.97	0.5556	377	1.0	2.28	0.42	367	1.03	2.1	0.3964	1886	1.03	2.16	0.3694	384	1.0	2.12	0.2982	1647	1.03	2.13	0.2864	1188	1.03	2.15	0.2719	402	1.02	2.08	0.4059	266	1.0	2.09	0.3538	138	1.43	2.09	0.4474	10915	1.07	2.12	0.3912	281	1.01	2.11	0.4459	2432	1.03	2.11	0.3395	4274	1.03	2.09	0.3646	553	1.01	2.07	0.3117	890	1.01	2.14	0.3307	26	1.04	2.45	0.1111	318	1.01	2.12	0.434	274	1.03	2.07	0.3793	1025	1.06	2.16	0.4073	176	1.01	1.89	0.3077	1675	1.01	2.06	0.3818	37	0.99	1.97	0.1667	400	1.04	1.95	0.2645	"658818:f__UBA2185:family;437538:o__Syntrophales:order;437537:c__Syntrophia:class;433205:p__Desulfobacterota:phylum;27156:d__Bacteria:superkingdom;1:root:no rank"
652668	"f__JANLFM01"	47932	1.0187	1.9352	0.345	271	1.01	1.91	0.3103	474	1.0	1.93	0.2857	361	1.0	1.98	0.3922	399	1.01	1.94	0.3333	546	1.0	1.93	0.3723	595	1.0	1.96	0.3077	0	NA	NA	NA	50	1.0	1.81	0.4167	0	NA	NA	NA	24	1.0	2.11	0.4286	274	0.99	1.91	0.2381	178	1.0	1.9	0.5	820	1.01	1.92	0.3704	23	1.01	2.08	0.0	170	1.0	1.88	0.4419	40	0.99	1.75	0.1818	47	0.99	1.88	0.2143	46	1.01	1.99	0.3571	74	1.0	1.92	0.2609	68	1.04	1.81	0.2	71	1.0	2.11	0.1852	45	1.0	1.89	0.1429	56	0.99	1.89	0.25	672	1.01	1.91	0.3559	131	1.01	1.97	0.2424	114	1.0	1.93	0.2941	533	1.0	1.93	0.3919	540	1.0	1.87	0.3497	382	1.02	2.02	0.2476	482	1.01	2.01	0.2609	1293	1.0	1.92	0.4342	1949	1.02	1.97	0.4413	4337	1.03	1.94	0.3873	3774	1.03	1.98	0.3396	368	1.01	1.95	0.27	1076	1.01	1.97	0.3514	108	0.99	1.97	0.3333	297	1.01	1.96	0.284	36	1.0	1.84	0.2	54	1.0	1.88	0.25	32	1.0	1.92	0.3333	20	1.0	2.04	0.3333	17	0.99	1.87	0.5714	0	NA	NA	NA	287	1.0	1.93	0.4268	54	1.0	1.93	0.2667	122	1.0	2.06	0.3784	82	1.0	2.2	0.1429	107	1.04	2.04	0.3421	84	1.0	2.08	0.3333	292	1.0	2.04	0.3676	232	1.02	1.99	0.2836	89	1.01	2.04	0.2069	119	1.02	1.93	0.2963	143	1.02	2.05	0.4194	181	1.02	1.94	0.2745	72	1.0	1.94	0.3478	228	1.01	1.86	0.3279	182	1.0	2.01	0.3617	185	1.0	1.96	0.3966	41	1.0	1.85	0.25	7	1.0	2.46	0.0	121	1.0	2.09	0.375	366	1.04	1.92	0.3578	137	0.99	2.0	0.3243	98	1.0	1.8	0.2222	146	0.99	1.97	0.2708	631	1.02	1.98	0.2938	16	1.0	1.76	0.5556	599	1.0	1.99	0.285	166	1.0	2.15	0.4865	337	1.01	1.98	0.3229	683	1.01	1.98	0.378	85	1.0	2.16	0.4286	28	1.0	1.93	0.1667	39	0.99	2.29	0.4444	300	1.02	1.95	0.3614	374	1.05	2.01	0.4239	266	1.0	1.98	0.3222	634	1.02	1.92	0.3697	1749	1.01	1.85	0.3161	292	1.0	1.89	0.3187	1372	1.02	1.92	0.3002	1004	1.02	1.91	0.2932	367	1.02	1.94	0.3366	242	1.0	1.94	0.2687	106	1.28	1.85	0.4857	6395	1.04	1.9	0.3512	231	0.99	1.88	0.3143	1617	1.01	1.93	0.2655	3115	1.02	1.92	0.3509	495	0.99	1.92	0.2739	632	1.01	1.85	0.3033	65	1.02	1.87	0.15	241	1.03	1.92	0.3377	206	1.0	1.97	0.5167	740	1.03	1.92	0.3333	92	1.02	1.72	0.3704	521	1.0	1.87	0.3529	12	0.99	1.95	0.0	58	1.01	1.99	0.5238	"652668:f__JANLFM01:family;652667:o__JANLFM01:order;652666:c__JANLFM01:class;652665:p__JANLFM01:phylum;27156:d__Bacteria:superkingdom;1:root:no rank"
721473	"f__RBG-13-42-11"	47689	1.0887	3.8565	0.4151	99	1.03	3.69	0.45	258	1.02	3.78	0.3019	143	1.03	3.99	0.4286	179	1.06	4.23	0.4146	158	1.0	3.95	0.3429	137	1.0	4.01	0.4118	1	1.0	1.51	0.0	5	1.08	4.17	0.0	1	1.0	1.72	0.0	2	1.0	1.8	0.0	64	1.0	3.98	0.1818	67	1.01	4.22	0.5455	192	1.0	3.98	0.3714	15	1.01	4.78	0.6667	66	1.0	4.5	0.5833	26	0.99	3.73	0.2857	21	0.99	5.42	0.5	37	1.0	4.17	0.6667	44	1.0	4.48	0.5714	48	1.0	3.53	0.5833	56	1.04	3.77	0.4545	37	1.01	4.29	0.3636	37	1.01	3.59	0.2	288	1.03	4.29	0.4524	34	1.01	4.29	0.75	38	1.01	3.83	0.5	176	1.01	4.67	0.5312	151	1.01	4.23	0.4615	66	1.03	4.56	0.1818	86	1.01	4.91	0.3846	319	1.02	4.11	0.6038	500	1.03	4.37	0.5288	1218	1.02	4.35	0.6275	1197	1.03	4.22	0.3981	108	1.0	4.29	0.4348	348	1.01	4.38	0.4918	42	1.0	4.35	0.4	93	1.0	4.18	0.4118	13	0.99	4.07	0.0	28	1.0	3.46	0.5	9	1.01	5.15	0.0	6	1.0	4.22	0.0	3	1.0	4.39	0.0	2	1.0	2.51	0.0	80	1.01	4.67	0.6667	29	1.0	4.51	0.3333	35	1.01	5.08	0.1429	22	1.0	4.44	0.2	40	1.04	4.73	0.25	44	1.0	4.42	0.5714	445	1.03	4.61	0.4853	234	1.02	4.57	0.3571	120	1.01	4.51	0.4211	185	1.01	4.33	0.4643	304	1.02	4.2	0.5179	241	1.02	4.11	0.3962	59	1.0	3.63	0.4167	259	1.01	4.58	0.4524	212	1.02	4.65	0.3953	253	1.01	4.52	0.4082	56	1.0	4.62	0.5	9	1.0	4.34	1.0	88	1.01	4.22	0.2727	472	1.06	4.46	0.4674	122	1.02	4.35	0.2381	169	1.02	4.37	0.2571	186	1.01	4.23	0.3846	846	1.05	4.28	0.5	15	1.0	4.56	0.25	707	1.02	4.31	0.3088	135	1.01	4.07	0.5	476	1.03	4.46	0.5054	658	1.03	4.22	0.4255	164	0.99	4.37	0.6154	67	1.01	3.71	0.3333	68	1.01	4.36	0.45	355	1.01	4.19	0.5316	314	1.04	4.41	0.4464	210	1.01	3.81	0.2979	881	1.03	3.73	0.4541	2511	1.04	3.7	0.397	446	1.01	3.6	0.4	2513	1.05	3.65	0.3328	1790	1.03	3.71	0.3207	793	1.03	3.87	0.3987	702	1.03	3.66	0.3694	150	1.59	3.66	0.6047	11582	1.22	3.65	0.444	224	1.0	3.69	0.2791	3583	1.09	3.7	0.3325	4805	1.1	3.73	0.4175	745	1.01	3.58	0.3542	1244	1.03	3.58	0.3356	68	1.08	3.37	0.4	166	1.06	3.34	0.4	108	1.0	3.58	0.3333	437	1.08	3.64	0.4086	33	0.99	3.43	0.3333	737	1.03	3.66	0.4694	12	0.99	4.2	0.0	62	1.01	3.26	0.2778	"721473:f__RBG-13-42-11:family;493212:o__Minisyncoccales:order;461415:c__Minisyncoccia:class;389515:p__Patescibacteriota:phylum;27156:d__Bacteria:superkingdom;1:root:no rank"
556678	"f__JAGOPY01"	41237	1.0535	2.4014	0.3468	48	1.07	2.54	0.2	212	1.03	2.51	0.3509	54	1.0	2.56	0.3	61	1.07	2.47	0.4	117	1.06	2.69	0.4348	195	1.0	2.5	0.4516	0	NA	NA	NA	23	1.0	2.7	0.0	6	1.0	2.7	0.0	112	1.1	3.14	0.5455	51	1.0	2.24	0.3158	98	1.01	2.51	0.4583	191	1.0	2.61	0.4048	15	1.0	2.61	0.0	90	1.01	2.51	0.1667	23	1.0	2.49	0.0	33	1.0	2.9	0.25	22	1.0	2.5	0.1667	30	1.0	2.62	0.375	33	1.01	2.96	0.3333	41	1.01	2.59	0.0833	23	1.09	2.79	0.5	17	1.0	3.01	0.5	123	1.01	2.56	0.381	19	1.0	2.05	0.3333	23	1.0	2.72	0.2	137	1.0	2.43	0.1935	125	0.99	2.65	0.3	60	1.02	2.5	0.2727	80	1.01	2.44	0.2105	68	1.01	2.71	0.4444	111	1.03	2.51	0.5714	220	1.02	2.71	0.4082	303	1.01	2.7	0.3158	33	1.01	2.92	0.3333	57	1.0	2.76	0.2	3	1.0	3.9	0.0	30	1.03	2.91	0.6667	23	1.01	4.25	0.25	26	1.01	2.61	0.625	24	1.0	2.64	0.4286	20	1.0	2.64	0.5	4	1.0	3.21	1.0	3	1.0	3.87	0.0	143	1.03	2.72	0.4054	30	0.99	2.39	0.5	41	1.0	2.79	0.0	38	1.0	2.56	0.0	70	1.04	3.33	0.25	65	1.03	2.84	0.1875	85	1.0	3.01	0.5294	152	1.0	2.68	0.4074	75	1.0	2.53	0.2143	115	1.01	2.73	0.375	31	1.0	3.1	0.3333	45	1.0	3.08	0.4444	20	0.99	2.16	0.2	36	1.0	2.27	0.1	124	1.0	2.53	0.4167	142	1.03	2.53	0.28	44	1.23	2.68	0.1111	2	1.0	4.0	1.0	32	1.04	2.61	0.5	246	1.01	2.63	0.4231	86	1.02	2.58	0.3333	76	1.01	2.48	0.4615	80	1.0	2.62	0.5556	1164	1.04	2.46	0.3574	22	1.03	2.46	0.75	951	1.03	2.52	0.2206	32	0.99	2.81	0.4	436	1.0	2.66	0.3765	348	1.0	2.36	0.3099	48	1.01	2.84	0.5	19	1.0	2.96	0.4286	25	1.0	2.52	0.0	201	1.01	2.37	0.25	19	1.0	3.01	0.0	146	1.0	2.43	0.4074	342	1.05	2.37	0.3049	3586	1.03	2.35	0.318	658	1.01	2.31	0.3418	3662	1.05	2.41	0.3535	2718	1.03	2.37	0.3328	202	1.04	2.3	0.3061	149	1.02	2.21	0.3111	79	1.52	2.71	0.3889	6361	1.07	2.38	0.3787	128	0.99	2.55	0.3929	1231	1.03	2.4	0.341	5122	1.05	2.37	0.3977	389	1.0	2.45	0.4	579	1.01	2.34	0.3961	13	1.0	2.29	0.2	326	1.04	2.26	0.3483	334	1.02	2.26	0.2581	1049	1.11	2.27	0.3216	589	1.02	2.22	0.2635	5266	1.13	2.29	0.3188	165	1.0	2.44	0.1429	113	1.21	2.59	0.3235	"556678:f__JAGOPY01:family;214362:o__Bacteroidales:order;214361:c__Bacteroidia:class;214360:p__Bacteroidota:phylum;27156:d__Bacteria:superkingdom;1:root:no rank"
